0mM,0mM,0mM,0mM,0mM,0mM,0mM,0mM
0,0,0,0,0,0,0,0
-0.61,0,-3.05,-1.83,0.61,0,0,0
-0.61,0,-6.71,-3.06,1.83,6.72,0,0
-1.221,0.61,-8.55,-4.28,1.83,9.77,0,0
-1.829,0,-10.38,-5.5,0.61,7.33,0.61,0.61
-1.829,0,-12.21,-6.11,0,4.89,-0.61,0
-1.829,1.22,-13.43,-7.33,-0.61,2.45,-1.83,-1.83
-1.829,0.61,-14.65,-7.33,-1.22,0.61,-2.44,-3.05
-1.829,1.22,-15.26,-7.94,-2.44,-1.22,-4.28,-4.27
-1.829,1.83,-17.09,-7.94,-1.83,-2.44,-4.89,-6.11
-1.829,1.22,-16.48,-7.94,-2.44,-3.66,-6.11,-7.33
-1.221,1.83,-17.09,-7.94,-3.05,-4.88,-6.72,-8.55
-1.221,1.83,-16.48,-7.94,-3.05,-5.49,-7.33,-9.77
-0.61,2.44,-16.48,-7.94,-3.05,-6.71,-7.33,-10.38
-0.61,2.44,-16.48,-6.72,-3.66,-6.71,-7.94,-10.99
-1.221,3.05,-15.26,-6.11,-3.66,-6.71,-7.94,-11.6
0,2.44,-14.04,-5.5,-3.66,-7.94,-8.55,-12.21
0,3.66,-13.43,-4.28,-3.66,-6.71,-8.55,-12.21
0.611,4.27,-11.6,-2.44,-4.27,-6.71,-7.94,-12.21
1.222,4.88,-10.38,-1.22,-3.66,-6.1,-8.55,-11.6
1.832,5.49,-8.55,0.61,-3.66,-5.49,-7.94,-11.6
2.443,5.49,-7.32,3.05,-3.66,-4.27,-8.55,-11.6
2.443,6.71,-5.49,4.88,-3.05,-3.05,-7.94,-10.38
3.661,6.1,-4.27,6.71,-3.05,-1.83,-7.33,-10.38
4.271,6.71,-1.83,8.55,-3.05,-0.61,-7.33,-10.38
4.881,7.32,0,10.989,-2.44,1.22,-7.33,-9.77
6.111,7.94,1.84,13.432,-1.83,3.67,-7.33,-9.16
7.331,8.55,3.67,14.65,-1.83,4.89,-6.72,-9.16
7.941,9.16,5.5,17.1,-1.22,6.72,-5.5,-7.94
7.941,10.38,7.33,18.32,0,9.16,-6.11,-7.94
9.771,10.99,8.55,20.76,0.61,10.99,-4.89,-7.33
10.381,10.99,10.38,21.98,1.22,13.44,-5.5,-6.72
10.991,12.21,11.61,23.2,1.83,15.27,-4.89,-6.11
12.211,12.82,13.44,25.03,3.05,17.1,-4.28,-5.5
12.821,13.43,14.66,25.64,3.67,19.54,-3.66,-5.5
14.041,13.43,16.49,26.87,4.89,20.76,-3.66,-4.89
15.271,15.26,16.49,28.09,7.33,22.6,-3.05,-3.66
15.881,14.65,18.32,28.7,9.16,23.818,-3.05,-3.05
17.101,16.48,18.93,29.92,11.6,25.039,-2.44,-2.44
18.321,16.48,20.16,29.92,14.05,26.261,-2.44,-1.83
18.321,17.09,20.77,31.14,17.71,28.09,-1.83,-1.22
19.541,17.09,21.38,31.14,20.76,28.7,-1.22,0
20.151,18.32,21.38,32.36,23.82,29.31,-1.22,1.22
21.371,18.32,23.21,32.36,27.48,30.54,-0.61,1.83
21.981,18.93,23.21,32.97,29.92,31.15,0,3.05
22.591,18.93,23.82,32.97,32.98,31.76,0.61,3.05
23.201,20.76,24.43,33.58,34.81,31.76,0.61,4.27
23.201,20.76,24.43,33.58,37.25,32.98,1.83,4.89
23.811,21.37,25.04,34.19,39.08,32.37,1.83,6.11
24.431,21.98,25.04,34.19,41.53,33.59,3.05,6.11
25.041,21.98,26.26,34.19,42.75,34.2,3.05,6.72
25.041,22.59,26.26,34.8,44.58,33.59,3.66,6.72
25.651,23.2,26.26,34.8,45.8,34.2,4.88,7.94
26.261,23.2,26.26,35.42,47.02,34.81,4.88,8.55
26.871,23.81,26.87,35.42,48.24,34.81,5.49,9.16
26.871,24.42,26.87,35.42,49.46,34.81,6.11,9.77
27.481,24.42,26.87,35.42,50.69,34.81,7.33,10.99
27.481,24.42,26.87,36.03,51.91,34.81,7.33,11.6
28.091,25.03,27.48,36.03,52.52,35.42,7.94,11.6
28.701,25.03,27.48,36.03,53.739,36.03,8.55,12.82
28.701,25.64,28.09,36.03,54.349,36.03,9.77,14.04
28.701,25.64,27.48,36.03,54.96,36.03,9.77,14.66
29.311,26.25,28.09,36.64,56.181,36.03,10.38,15.27
28.701,26.87,28.7,36.64,56.792,36.03,11.6,15.88
29.311,26.87,28.09,37.25,57.4,36.03,11.6,16.49
28.701,26.87,28.7,36.64,57.4,36.64,13.43,17.1
28.701,27.48,28.7,37.25,58.62,36.64,14.04,17.71
29.921,27.48,29.31,37.25,59.23,36.03,14.04,18.32
29.311,27.48,29.31,36.64,59.85,36.64,15.27,18.32
29.311,27.48,28.7,36.64,59.85,36.64,15.27,18.93
29.921,27.48,29.31,36.64,61.07,37.25,16.49,20.15
30.531,28.09,29.31,37.25,61.07,37.25,17.71,20.76
30.531,27.48,29.93,36.64,61.68,37.25,18.32,20.76
29.921,28.09,29.93,36.64,61.68,37.86,18.93,20.76
29.921,28.09,29.93,36.64,62.29,37.25,19.54,21.37
29.921,27.48,29.93,36.64,62.9,37.25,20.76,21.98
29.921,28.09,29.93,37.25,62.9,37.25,21.37,23.2
29.921,27.48,30.54,37.25,63.51,37.25,21.98,22.59
29.921,28.09,29.93,37.25,63.51,37.25,22.59,23.2
29.311,27.48,29.93,37.25,63.51,37.86,23.81,23.2
29.311,28.09,29.93,37.25,64.12,37.86,25.04,23.82
29.921,27.48,30.54,37.25,64.73,37.25,25.65,23.82
29.921,28.09,30.54,37.25,64.73,37.86,26.26,24.43
29.311,28.09,31.15,37.25,64.73,38.47,26.87,24.43
29.921,28.09,31.15,37.25,65.34,38.47,28.09,25.04
29.311,28.09,31.15,37.25,65.34,38.47,28.7,25.04
29.311,27.48,31.15,37.25,65.34,38.47,29.92,25.65
29.311,28.09,31.76,37.25,65.95,38.47,31.14,26.26
29.311,28.09,31.76,37.25,65.34,38.47,31.14,26.87
29.311,28.09,31.76,37.25,65.34,38.47,32.36,26.87
28.701,28.09,31.76,37.25,65.95,38.47,33.58,26.26
28.701,27.48,32.368,37.25,65.34,38.47,34.2,26.87
28.701,28.09,32.368,37.25,65.95,39.08,34.81,26.87
28.701,27.48,32.368,37.25,65.34,38.47,35.42,27.48
28.701,27.48,32.979,37.25,65.95,39.08,37.249,27.48
28.091,27.48,32.368,36.64,65.34,38.47,37.249,27.48
27.481,28.09,32.979,37.25,65.95,39.08,38.47,28.09
27.481,28.09,32.979,37.25,65.95,39.69,38.47,28.09
28.091,28.09,32.979,37.25,65.34,39.69,39.691,28.09
27.481,27.48,32.979,37.86,65.34,39.69,40.302,28.09
27.481,27.48,33.589,37.86,65.34,39.69,40.91,28.09
27.481,27.48,33.589,37.86,65.34,39.69,41.52,28.09
26.871,27.48,34.2,37.86,65.34,39.69,42.74,28.09
26.871,28.09,33.589,37.86,64.73,40.31,42.74,27.48
26.871,28.09,34.2,37.86,64.73,39.69,43.97,28.09
26.871,27.48,34.2,37.86,64.73,40.31,43.97,28.09
26.871,27.48,34.811,37.86,64.73,40.31,44.58,28.09
26.261,27.48,34.811,37.86,64.73,39.69,45.8,28.09
26.261,27.48,34.811,37.86,64.73,40.92,45.8,28.7
26.261,26.87,34.811,37.86,64.73,40.31,46.41,28.09
26.261,27.48,35.421,37.86,64.12,40.31,46.41,28.09
25.651,27.48,35.421,37.25,63.51,40.31,47.02,28.09
25.651,27.48,35.421,37.86,63.51,40.92,47.63,28.09
25.651,26.87,35.421,37.86,63.51,40.31,47.63,28.09
25.041,26.87,35.421,38.47,62.9,40.92,47.63,28.09
25.041,26.87,36.032,37.86,62.9,40.92,48.24,28.7
25.651,26.25,36.032,37.25,62.9,40.92,48.85,28.7
25.041,26.87,36.032,37.86,62.29,40.92,48.85,28.7
24.431,26.25,36.64,37.86,62.29,40.92,48.85,28.7
24.431,25.64,36.64,37.86,62.29,40.92,49.46,29.31
24.431,25.64,36.64,37.25,62.29,41.53,49.46,28.09
23.811,25.64,36.64,37.86,61.68,41.53,50.07,28.7
23.811,25.64,37.25,37.25,61.68,42.14,50.07,28.7
23.201,25.03,36.64,37.86,61.07,41.53,50.07,28.7
23.201,25.03,37.25,37.86,60.46,42.14,50.68,28.09
23.201,25.64,37.86,37.25,60.46,42.75,50.68,28.09
23.201,25.03,37.25,37.86,59.85,42.75,50.68,28.09
23.201,25.64,37.86,38.47,59.85,42.75,50.68,28.09
23.201,25.03,37.86,37.86,59.23,42.14,50.68,27.48
22.591,25.64,38.47,38.47,59.23,42.75,50.68,26.87
21.981,25.64,39.09,38.47,59.23,42.14,50.68,27.48
21.981,25.03,37.86,37.86,58.62,42.75,50.68,26.87
21.981,25.03,39.09,37.86,58.01,43.97,51.9,27.48
21.371,25.64,39.09,38.47,58.01,42.75,50.68,26.87
21.371,25.03,39.09,38.47,57.4,43.36,51.29,26.87
21.371,25.03,39.09,37.86,56.792,42.75,51.29,26.87
21.371,25.03,39.7,37.86,56.181,43.36,51.29,27.48
20.761,24.42,39.09,38.47,56.181,43.97,51.29,27.48
20.761,24.42,40.31,37.86,56.181,43.36,51.29,26.87
20.761,24.42,39.09,38.47,54.96,43.97,51.29,26.26
20.151,23.81,39.7,37.86,54.96,43.97,51.29,26.87
20.151,24.42,40.31,38.47,54.349,44.58,51.29,26.26
20.151,23.81,40.31,38.47,53.739,43.36,51.29,26.26
20.151,24.42,40.31,37.86,53.128,43.97,50.68,26.26
19.541,23.81,40.31,38.47,53.128,43.97,50.68,26.87
19.541,23.81,40.92,38.47,52.52,44.58,51.29,26.26
19.541,23.81,40.92,38.47,51.91,44.58,51.29,26.26
18.321,23.2,40.92,37.86,51.3,44.58,51.29,26.26
18.931,23.81,40.92,38.47,50.69,45.19,50.68,26.26
18.321,23.2,41.53,38.47,50.69,45.19,50.07,25.65
18.321,23.2,41.53,38.47,50.07,45.19,50.68,25.65
18.321,23.2,42.14,38.47,49.46,45.19,50.68,25.65
18.321,23.2,42.14,39.08,49.46,45.8,50.68,25.65
17.711,23.2,42.14,38.47,48.85,45.8,50.07,25.04
17.711,23.2,42.14,38.47,48.24,45.19,50.07,25.04
17.711,22.59,42.75,38.47,48.24,45.8,50.07,25.04
17.101,22.59,42.75,38.47,47.63,46.41,50.07,24.43
17.711,22.59,42.75,38.47,47.02,46.41,50.07,24.43
17.711,22.59,42.75,39.08,46.41,47.02,49.46,24.43
16.491,22.59,43.36,38.47,45.8,46.41,49.46,23.82
17.101,22.59,43.36,38.47,45.8,47.02,48.85,24.43
16.491,21.98,43.36,38.47,45.19,47.02,48.85,24.43
16.491,21.98,43.36,38.47,43.97,47.02,48.85,23.82
15.881,21.98,43.36,38.47,43.97,47.63,48.85,23.2
15.881,21.98,44.58,38.47,43.36,47.02,48.85,23.2
15.881,21.37,44.58,38.47,43.36,47.63,48.24,23.2
15.881,21.98,44.58,38.47,42.75,47.63,47.63,21.98
15.881,21.37,44.58,39.08,42.14,47.63,47.63,22.59
15.271,21.37,44.58,38.47,42.14,48.24,48.24,22.59
15.881,20.76,45.19,37.86,40.92,48.24,47.63,22.59
15.271,21.37,45.19,38.47,40.3,48.24,46.41,22.59
14.651,21.37,45.19,39.08,40.3,48.24,47.02,21.98
14.651,20.76,45.8,39.08,39.69,48.24,47.02,21.98
14.651,20.76,45.8,38.47,38.47,48.85,46.41,21.37
14.651,20.76,46.41,38.47,38.47,48.85,46.41,21.37
14.651,21.37,46.41,38.47,37.86,48.85,46.41,21.37
14.651,20.15,46.41,39.08,38.47,49.47,45.19,21.37
14.041,20.76,47.02,39.08,36.64,48.85,45.8,20.76
14.041,20.76,46.41,39.08,36.64,49.47,45.8,20.76
14.651,20.15,47.02,39.08,36.03,49.47,45.19,21.37
14.041,20.15,47.02,39.08,35.42,49.47,44.58,20.76
14.041,20.15,47.02,39.08,34.81,50.08,44.58,20.76
13.431,20.15,47.63,39.08,34.81,50.08,43.97,20.15
14.041,19.54,47.02,38.47,33.59,50.08,43.97,19.54
13.431,19.54,48.24,39.08,33.59,50.08,43.36,20.15
13.431,19.54,47.63,38.47,32.98,50.69,43.97,19.54
13.431,20.15,48.24,39.08,32.98,50.08,42.74,20.15
13.431,19.54,47.63,39.08,32.37,50.08,43.36,20.15
12.821,19.54,48.24,39.08,31.76,50.08,43.36,20.76
12.821,19.54,48.24,39.08,30.53,50.69,42.74,20.15
12.821,20.15,48.24,39.08,29.92,50.69,42.74,20.15
12.821,19.54,48.86,39.08,29.92,51.3,42.13,20.15
12.211,20.15,48.86,39.08,29.31,50.69,41.52,20.15
12.211,20.15,48.86,39.08,28.7,51.3,42.13,20.15
12.211,20.76,48.86,39.08,28.7,50.69,41.52,19.54
12.821,20.15,48.86,39.69,27.48,51.3,40.91,19.54
12.821,20.15,48.86,39.69,28.09,51.91,40.91,19.54
12.211,20.76,48.86,39.69,27.48,51.3,40.91,18.93
12.211,20.15,49.47,39.69,26.26,51.91,39.691,18.32
12.211,20.76,49.47,40.3,26.26,51.91,39.691,18.93
12.211,20.15,49.47,40.3,26.26,51.91,40.302,18.93
12.211,20.15,49.47,40.3,25.04,52.52,39.691,18.93
11.601,20.76,49.47,39.69,25.04,51.91,39.081,18.93
12.211,20.15,49.47,39.69,23.82,52.52,39.081,18.93
11.601,20.15,50.69,39.69,23.82,52.52,38.47,18.93
12.211,20.15,50.08,39.69,23.82,53.13,38.47,18.93
11.601,19.54,50.69,39.69,23.21,52.52,38.47,18.93
10.991,19.54,50.08,39.69,22.6,53.13,38.47,19.54
12.211,20.15,50.69,39.69,22.6,53.13,37.859,18.93
11.601,19.54,50.69,39.69,22.6,53.13,37.249,18.93
11.601,19.54,50.69,39.69,21.98,53.13,36.638,18.32
11.601,19.54,50.69,39.69,21.37,53.13,36.638,18.93
10.991,19.54,50.69,40.3,21.37,53.74,36.638,18.32
11.601,19.54,50.69,40.3,20.76,53.74,36.638,18.32
10.991,20.15,51.3,39.69,20.76,53.74,36.638,18.32
10.991,20.15,51.3,40.3,20.15,54.35,36.03,18.32
11.601,20.15,51.3,40.3,19.54,53.74,36.03,18.32
11.601,20.15,51.3,40.91,19.54,53.74,36.03,17.71
11.601,20.15,51.91,40.3,18.93,54.35,34.81,17.71
11.601,20.15,51.91,40.91,19.54,53.74,35.42,18.32
10.991,20.76,51.3,40.3,18.32,54.35,35.42,18.32
11.601,20.15,51.91,40.3,18.93,54.35,34.81,17.71
10.991,20.15,51.91,40.91,18.93,54.35,34.81,17.71
11.601,20.76,51.91,40.91,18.32,54.35,34.2,18.32
11.601,20.76,52.52,40.91,17.71,54.96,34.2,18.32
10.991,20.15,51.91,40.91,18.32,54.35,34.2,18.32
11.601,20.76,52.52,40.91,17.71,54.35,33.58,17.71
10.991,20.76,52.52,40.91,17.71,54.96,33.58,18.32
11.601,21.37,51.91,40.91,17.1,54.35,33.58,18.32
11.601,20.76,52.52,40.91,17.71,54.35,33.58,18.32
10.991,20.76,52.52,40.91,17.1,54.96,33.58,18.93
11.601,20.15,52.52,40.91,17.1,54.96,32.36,18.32
11.601,20.15,52.52,40.3,16.49,54.96,32.36,18.32
10.991,20.76,52.52,40.91,16.49,55.57,32.36,18.32
10.991,20.15,52.52,40.91,16.49,54.96,32.36,18.93
11.601,20.76,52.52,40.91,16.49,55.57,31.75,18.93
10.991,20.15,53.13,40.3,16.49,55.57,31.75,18.93
11.601,20.15,53.13,40.91,16.49,55.57,31.75,18.93
10.991,20.76,52.52,40.91,15.88,56.18,31.14,18.93
11.601,20.76,53.13,40.3,15.88,55.57,31.14,18.93
11.601,20.76,53.74,40.91,15.88,55.57,30.53,18.93
11.601,20.76,53.74,40.91,15.88,55.57,30.53,18.93
11.601,20.76,53.74,40.91,15.88,55.57,30.53,18.93
10.991,21.37,53.74,41.52,15.88,56.18,30.53,18.32
11.601,21.37,53.74,41.52,15.27,56.18,30.53,18.93
11.601,21.37,53.74,41.52,15.88,56.18,29.92,18.93
11.601,21.98,53.74,41.52,16.49,56.18,29.92,19.54
12.211,21.98,53.74,41.52,15.88,55.57,29.92,19.54
10.991,21.98,53.74,41.52,16.49,56.79,28.7,19.54
12.211,21.98,54.35,41.52,15.88,56.18,29.31,19.54
11.601,21.98,53.74,41.52,15.88,56.18,29.31,19.54
11.601,21.37,53.74,41.52,15.88,56.18,28.7,19.54
12.211,21.37,54.35,40.91,15.88,56.79,28.7,19.54
11.601,21.37,54.35,40.91,15.88,56.18,28.7,20.15
11.601,20.76,54.35,40.91,16.49,56.79,28.7,20.15
12.211,20.76,54.35,40.91,15.88,57.4,28.7,20.15
11.601,21.37,54.35,41.52,15.88,56.79,28.09,19.54
12.211,21.37,54.96,40.91,15.88,56.79,28.09,20.15
12.211,21.37,54.35,40.91,15.88,57.4,27.48,20.15
12.211,21.37,54.35,41.52,16.49,56.79,28.09,20.76
12.821,21.37,54.96,41.52,16.49,57.4,28.09,20.15
12.821,20.76,54.96,40.91,16.49,57.4,28.09,20.76
12.211,21.37,54.96,40.91,16.49,56.79,27.48,21.37
12.211,21.37,55.57,40.91,17.1,57.4,27.48,20.76
12.821,20.76,54.96,40.91,17.1,57.4,27.48,21.37
12.821,21.37,54.96,40.91,17.1,57.4,27.48,21.37
12.821,21.37,55.57,41.52,17.1,57.4,27.48,21.98
12.821,21.37,56.18,40.91,17.1,58.01,27.48,21.98
12.821,21.37,55.57,41.52,17.1,58.01,26.87,21.98
12.821,21.98,55.57,41.52,17.71,58.01,26.87,21.98
12.821,21.98,55.57,41.52,17.1,57.4,26.87,22.59
12.821,21.37,55.57,40.3,18.32,58.01,26.87,23.2
13.431,21.98,56.18,40.91,17.71,58.01,26.87,22.59
13.431,21.98,55.57,40.91,17.71,57.4,26.26,22.59
13.431,21.98,55.57,40.91,18.32,58.01,26.87,22.59
13.431,21.98,55.57,40.91,18.32,58.63,26.26,22.59
13.431,21.98,56.18,40.91,17.71,57.4,26.26,22.59
13.431,21.98,55.57,40.91,18.32,58.63,26.87,23.2
13.431,21.98,55.57,40.91,18.32,58.01,26.26,21.98
13.431,21.98,56.18,40.91,18.93,58.01,26.26,23.2
13.431,22.59,56.18,40.91,18.93,58.63,26.26,22.59
14.041,21.98,56.18,41.52,18.93,59.24,26.26,23.2
13.431,22.59,56.18,41.52,18.93,58.01,26.26,23.2
14.041,23.2,56.18,41.52,18.93,58.63,25.65,23.2
14.041,23.2,56.18,41.52,19.54,58.01,26.26,22.59
14.041,23.2,56.18,41.52,19.54,58.01,26.26,23.2
14.041,23.2,56.18,41.52,19.54,58.63,25.65,23.82
14.651,23.2,56.18,41.52,20.15,58.01,25.65,23.2
14.651,23.81,56.79,41.52,20.15,58.63,25.65,23.82
14.651,23.2,56.79,41.52,20.76,58.63,25.65,24.43
14.651,23.81,56.79,42.13,20.15,58.63,25.65,24.43
15.271,24.42,52.52,35.42,20.76,58.01,25.65,25.04
14.651,25.03,50.69,32.97,20.76,58.63,25.65,24.43
14.041,23.81,50.69,32.97,20.76,59.24,26.26,25.04
13.431,23.2,51.3,34.19,20.76,59.24,25.65,25.04
12.821,23.2,51.3,34.8,21.37,58.63,26.26,25.04
12.821,22.59,51.91,35.42,20.76,54.96,26.26,25.04
13.431,22.59,52.52,36.03,17.71,54.35,25.65,25.04
13.431,21.98,51.91,36.03,16.49,55.57,28.7,27.48
13.431,21.98,51.91,36.64,15.27,56.18,31.14,29.31
13.431,21.98,51.3,36.03,15.27,56.18,32.97,31.14
13.431,21.98,51.3,35.42,15.88,56.79,34.81,32.36
13.431,20.76,51.3,34.8,15.88,57.4,35.42,32.98
13.431,21.37,51.3,34.19,15.88,56.79,36.03,34.2
14.041,21.37,50.69,33.58,15.88,56.79,36.638,34.2
13.431,21.37,50.69,33.58,15.88,56.79,36.638,34.2
14.041,20.15,50.69,32.97,16.49,56.18,36.03,33.59
14.041,20.76,50.08,32.36,16.49,55.57,36.638,32.98
14.041,20.15,50.08,31.14,16.49,55.57,36.638,32.36
14.041,20.15,49.47,30.53,16.49,55.57,36.03,30.53
14.651,20.76,50.08,31.14,17.1,54.35,34.81,29.92
14.651,20.76,50.08,30.53,16.49,54.35,34.81,28.09
15.271,20.76,50.08,29.92,16.49,54.35,33.58,26.87
15.271,20.76,50.08,29.31,16.49,53.13,32.36,25.65
15.271,20.76,49.47,28.7,16.49,53.13,31.14,25.04
14.651,20.76,50.08,28.7,16.49,52.52,30.53,23.2
15.271,20.76,50.69,28.09,16.49,51.91,29.92,21.98
15.881,20.76,49.47,27.48,16.49,52.52,28.09,20.76
15.881,20.76,49.47,27.48,16.49,51.91,26.87,19.54
15.881,20.15,50.08,26.87,17.1,50.69,25.65,18.32
15.881,20.76,50.08,26.87,16.49,50.69,24.43,17.1
16.491,20.76,50.08,25.64,16.49,50.08,23.81,16.49
16.491,20.15,50.69,25.64,16.49,50.08,22.59,15.27
17.101,20.15,50.69,25.03,16.49,50.08,20.76,14.66
17.101,20.76,50.08,24.42,17.1,49.47,20.15,14.04
16.491,20.15,50.69,25.03,17.1,49.47,19.54,13.43
17.711,20.76,50.69,23.81,17.1,48.85,18.93,13.43
17.711,20.15,50.69,24.42,17.1,49.47,17.71,13.43
18.321,20.15,50.69,23.81,17.1,48.85,16.49,12.21
17.711,20.76,50.69,23.81,17.71,48.85,16.49,12.21
17.711,21.37,51.3,23.2,17.71,48.85,15.88,11.6
18.931,21.37,50.69,23.81,17.71,49.47,15.27,12.21
18.931,21.98,51.91,23.2,18.32,48.85,15.27,10.99
18.931,21.37,51.3,23.81,18.32,48.24,14.65,11.6
18.931,21.37,51.3,23.2,18.32,48.24,14.04,10.99
19.541,21.37,51.91,23.2,18.32,48.85,14.04,10.99
19.541,21.98,51.91,22.59,18.93,48.85,13.43,11.6
19.541,21.98,51.91,22.59,18.32,49.47,13.43,11.6
19.541,22.59,51.91,22.59,18.93,48.85,13.43,11.6
20.761,21.98,51.91,21.98,19.54,48.85,13.43,11.6
20.151,22.59,52.52,22.59,19.54,48.85,13.43,12.21
20.151,22.59,52.52,22.59,19.54,49.47,12.82,12.82
20.761,22.59,52.52,22.59,20.15,49.47,12.82,12.82
20.761,22.59,52.52,22.59,20.15,49.47,12.21,13.43
21.371,22.59,53.13,21.98,20.76,50.08,12.21,14.04
20.761,22.59,53.13,21.98,21.37,49.47,12.82,14.66
21.371,23.2,52.52,21.98,21.37,49.47,13.43,15.27
21.371,23.2,53.74,21.98,21.37,50.08,13.43,16.49
20.761,23.2,53.74,21.98,21.37,50.08,14.04,16.49
21.981,23.2,53.74,21.98,21.37,50.08,14.65,17.1
21.981,23.2,53.74,21.98,22.6,49.47,14.65,18.32
21.981,23.2,53.74,21.37,22.6,50.69,15.27,18.32
21.981,23.81,53.74,21.37,22.6,50.69,15.88,18.32
22.591,23.81,54.35,21.98,23.82,50.08,16.49,18.93
21.981,23.81,54.35,21.37,23.82,50.69,16.49,18.93
21.981,24.42,53.74,21.98,23.82,50.69,17.71,20.15
22.591,24.42,54.35,21.37,24.43,50.08,18.32,20.76
22.591,24.42,54.35,20.76,24.43,50.08,18.93,20.76
22.591,23.81,54.35,21.37,25.04,50.69,19.54,21.37
22.591,24.42,54.35,21.37,25.65,50.69,20.15,22.59
22.591,24.42,54.96,21.37,25.04,50.69,20.76,22.59
22.591,24.42,54.96,21.37,26.26,50.69,21.37,23.2
22.591,24.42,54.96,21.37,26.26,50.69,21.98,24.43
21.981,23.81,54.96,20.76,26.26,50.69,22.59,25.04
22.591,24.42,54.96,21.37,26.87,50.69,23.81,25.65
22.591,25.03,55.57,21.37,27.48,50.69,23.81,25.65
21.981,24.42,54.96,21.37,27.48,50.69,25.04,26.87
23.201,24.42,55.57,20.76,27.48,50.69,25.04,26.87
22.591,25.03,54.96,21.37,28.09,50.69,26.26,28.09
22.591,25.03,55.57,21.37,28.7,50.08,27.48,28.09
22.591,24.42,55.57,21.37,28.7,50.69,28.09,28.09
22.591,24.42,55.57,21.37,29.31,50.08,28.7,29.31
21.981,24.42,55.57,21.37,29.31,50.69,29.31,29.92
22.591,25.03,56.18,21.98,29.31,50.08,29.92,30.53
21.981,23.81,56.79,21.37,29.92,50.08,30.53,30.53
22.591,24.42,56.18,21.98,29.92,50.69,31.75,31.14
22.591,25.03,56.18,21.98,30.53,50.08,31.75,31.75
21.981,24.42,56.18,21.37,30.53,49.47,32.97,32.36
21.981,23.81,56.18,21.98,31.14,50.08,32.97,32.36
21.981,24.42,56.18,21.98,31.76,49.47,33.58,32.98
21.981,24.42,56.79,21.98,31.14,50.08,34.2,32.98
21.371,24.42,56.18,22.59,31.14,49.47,35.42,32.98
21.371,24.42,56.18,21.98,31.76,50.08,36.03,34.2
20.761,24.42,56.79,22.59,31.76,49.47,36.03,34.2
20.761,24.42,56.79,22.59,32.37,49.47,36.638,34.2
20.761,23.81,56.79,21.98,32.37,49.47,37.249,34.2
21.371,23.81,56.79,21.98,32.37,48.24,38.47,34.81
20.761,23.81,56.79,21.98,32.37,48.85,37.859,35.42
20.761,23.81,56.18,21.98,32.98,48.85,39.081,35.42
20.761,23.2,56.79,21.98,32.98,48.85,39.081,35.42
20.761,22.59,56.79,21.98,32.98,48.24,39.691,36.03
20.151,23.2,56.18,21.98,33.59,48.85,40.302,37.25
20.151,22.59,56.18,21.37,32.98,48.85,40.91,36.64
20.151,22.59,56.18,21.37,33.59,48.24,40.91,36.64
20.151,23.2,56.79,21.98,32.98,48.24,41.52,36.64
20.151,22.59,56.79,21.37,33.59,48.24,42.13,37.25
19.541,22.59,56.18,21.37,33.59,48.24,42.13,37.86
18.931,22.59,56.18,21.98,34.2,47.63,43.36,37.86
18.931,21.98,56.18,21.98,33.59,48.24,42.74,37.25
18.931,22.59,56.79,21.98,33.59,47.63,43.97,37.86
18.931,21.98,56.18,21.98,33.59,47.63,43.97,37.86
18.321,21.37,55.57,21.98,33.59,47.63,44.58,37.86
18.321,21.98,55.57,21.98,33.59,47.63,43.97,37.86
18.321,21.37,56.18,21.98,32.98,47.02,44.58,37.86
18.321,21.37,56.18,21.98,34.2,46.41,44.58,37.86
18.321,20.76,55.57,20.76,33.59,46.41,45.19,37.86
18.321,20.76,55.57,21.37,33.59,46.41,45.19,37.86
17.711,21.37,55.57,21.37,33.59,46.41,45.19,37.86
17.711,20.15,55.57,20.76,34.2,46.41,45.8,37.86
17.101,20.15,54.96,21.37,33.59,46.41,46.41,38.47
17.101,20.15,54.96,20.76,33.59,46.41,45.8,38.47
17.101,20.15,54.96,20.76,33.59,45.8,45.8,38.47
16.491,20.15,54.35,20.76,33.59,45.8,46.41,38.47
16.491,20.15,54.96,19.54,32.98,45.8,45.8,38.47
16.491,19.54,54.96,20.76,32.98,45.19,46.41,38.47
15.881,18.93,54.35,20.15,32.98,45.19,46.41,38.47
15.881,18.93,54.35,20.15,32.98,45.19,46.41,38.47
15.271,18.93,54.35,19.54,32.98,44.58,47.02,38.47
15.271,18.93,53.74,20.15,32.98,44.58,46.41,38.47
14.651,18.32,53.74,19.54,32.98,44.58,46.41,38.47
14.651,18.32,53.74,19.54,31.76,44.58,46.41,38.47
14.651,18.32,53.13,19.54,32.37,44.58,46.41,38.47
14.651,18.32,53.13,18.93,32.37,44.58,46.41,37.86
14.651,18.32,53.74,18.93,32.37,43.97,46.41,37.86
14.651,17.71,53.13,18.93,31.76,43.97,47.02,37.86
13.431,17.71,52.52,18.32,31.76,43.36,46.41,38.47
13.431,17.71,53.13,18.32,31.14,42.75,46.41,37.86
13.431,17.71,53.13,18.32,31.14,42.75,46.41,37.86
12.821,16.48,51.91,17.71,31.14,43.36,47.02,37.25
12.821,17.09,51.91,17.71,31.14,42.75,46.41,37.25
12.821,16.48,52.52,17.1,30.53,43.36,45.8,36.64
12.211,15.87,51.3,17.1,29.92,42.14,45.8,36.64
12.211,15.87,51.3,16.49,29.31,42.75,46.41,36.64
12.211,15.87,51.3,16.49,29.92,42.14,45.8,36.64
12.211,15.87,51.3,16.49,29.31,41.53,45.8,36.64
11.601,15.87,51.3,16.49,28.7,41.53,45.19,36.64
10.991,15.26,50.69,15.87,28.7,41.53,45.8,36.03
10.991,15.87,50.69,15.87,28.09,41.53,45.19,36.03
10.991,14.65,50.69,14.65,27.48,41.53,45.19,36.64
10.381,14.65,50.08,14.65,27.48,40.92,45.19,36.64
10.991,14.65,50.08,14.65,26.87,40.92,45.19,35.42
10.381,14.65,50.08,14.04,26.26,40.92,44.58,36.03
9.771,14.04,49.47,14.04,26.26,40.31,44.58,35.42
9.771,14.65,48.86,14.04,26.26,39.69,44.58,35.42
9.161,14.04,48.86,13.432,25.04,40.31,43.97,34.81
8.551,14.04,48.86,14.04,25.04,39.69,43.97,34.2
9.161,14.04,48.24,12.821,25.04,39.69,43.36,34.2
9.161,13.43,48.24,13.432,24.43,39.08,43.36,33.59
8.551,12.82,47.63,12.211,23.82,39.08,42.74,33.59
8.551,14.04,48.24,12.211,23.21,38.47,42.74,33.59
8.551,13.43,47.02,12.211,23.21,38.47,42.74,33.59
7.941,12.82,47.02,11.6,22.6,38.47,42.13,32.98
7.941,13.43,47.02,11.6,21.98,38.47,42.13,32.98
7.331,12.21,46.41,11.6,21.37,38.47,41.52,32.36
7.331,12.82,46.41,10.379,21.37,37.25,41.52,32.98
6.721,12.82,45.8,10.379,20.15,37.25,40.91,32.36
6.721,12.21,45.8,10.379,20.15,37.25,40.91,32.36
6.111,12.21,45.19,9.768,20.15,36.64,40.302,31.75
6.111,11.6,45.19,9.16,18.93,36.64,40.91,31.75
6.111,12.21,45.19,9.768,18.93,36.03,40.302,31.75
6.111,11.6,44.58,9.16,18.32,36.64,39.691,31.75
6.111,11.6,44.58,8.55,17.71,36.03,39.081,31.75
5.501,11.6,43.97,8.55,17.71,36.03,39.081,30.53
4.881,11.6,43.97,8.55,17.1,35.42,39.081,31.14
4.881,11.6,43.36,7.94,16.49,35.42,37.859,30.53
5.501,11.6,43.97,7.33,15.88,35.42,37.859,30.53
4.271,10.99,43.36,7.94,15.88,34.81,37.249,29.92
4.271,10.99,42.75,7.33,14.66,34.81,37.249,29.92
4.271,10.99,42.14,6.71,14.66,34.2,36.638,29.92
3.661,10.38,42.75,6.1,14.05,34.2,36.638,29.92
4.271,10.38,42.14,6.1,13.44,33.59,36.03,29.31
3.661,10.38,40.92,6.1,12.83,33.59,35.42,29.31
3.661,10.38,41.53,5.49,12.83,33.59,36.03,28.7
3.661,9.77,40.92,4.88,12.21,32.98,35.42,28.7
3.051,9.77,40.92,4.27,11.6,32.37,34.81,28.7
3.051,9.77,40.31,4.27,11.6,32.98,34.2,28.09
3.051,9.77,40.31,4.27,10.99,32.98,34.2,28.09
3.051,9.77,39.7,3.66,10.99,32.37,33.58,27.48
2.443,9.77,39.7,3.66,10.38,32.37,33.58,28.09
3.051,9.77,39.7,3.66,9.77,31.76,33.58,28.09
2.443,9.16,38.47,3.05,9.16,31.76,32.97,27.48
2.443,9.77,39.09,3.05,9.16,31.15,32.36,28.09
2.443,8.55,38.47,3.05,8.55,31.15,32.36,27.48
2.443,9.16,38.47,2.44,8.55,31.15,32.36,27.48
2.443,8.55,37.86,1.83,7.94,31.15,31.14,27.48
2.443,9.16,37.86,1.83,7.33,30.54,31.14,26.26
1.832,9.16,37.25,1.83,7.33,29.92,30.53,26.87
1.832,8.55,37.25,1.22,7.94,29.92,30.53,26.87
1.832,9.16,36.64,1.22,6.72,29.31,29.92,25.65
1.222,7.94,36.64,0.61,6.72,29.31,29.31,25.65
1.222,7.94,36.032,0.61,6.11,29.31,29.31,25.65
1.222,7.94,36.032,0,6.11,28.7,29.31,25.04
1.222,8.55,35.421,0.61,6.72,28.7,28.7,25.04
0.611,7.94,35.421,0,6.11,28.09,28.09,24.43
1.222,8.55,35.421,0,6.11,28.09,28.09,24.43
0.611,8.55,34.811,0,5.5,27.482,27.48,24.43
0.611,8.55,34.2,0,5.5,28.09,26.87,23.82
0.611,8.55,34.2,0,4.89,28.09,26.26,23.82
0.611,8.55,33.589,-0.61,5.5,26.871,26.26,23.82
0.611,8.55,33.589,-0.61,4.89,27.482,26.26,23.2
-0.61,7.94,32.979,-0.61,4.28,26.871,25.65,23.2
0,7.94,32.979,-1.22,4.28,26.261,25.65,22.59
0,7.94,32.368,-1.22,4.89,26.871,25.04,22.59
-0.61,7.94,32.979,-1.22,4.28,26.261,25.04,22.59
0,7.94,32.368,-1.22,4.28,25.65,24.43,22.59
0,7.94,31.76,-1.83,4.28,25.65,23.81,21.98
0,7.94,31.15,-1.83,4.28,25.039,23.81,21.98
0,7.94,31.15,-2.44,3.67,25.65,23.2,21.37
-0.61,6.71,30.54,-2.44,3.67,25.039,23.2,21.37
0,7.32,31.15,-2.44,3.67,25.039,23.2,21.37
-0.61,7.32,30.54,-3.06,3.67,24.429,22.59,20.76
0,7.32,30.54,-3.06,3.05,23.818,22.59,20.76
-0.61,7.94,29.93,-3.06,3.05,23.818,21.98,20.76
-1.221,7.32,29.31,-3.67,3.05,24.429,21.37,20.76
-1.221,7.32,29.31,-3.67,2.44,23.818,21.37,20.76
-1.221,7.32,28.7,-3.67,2.44,23.21,20.76,20.76
-1.221,7.32,28.7,-3.67,2.44,23.21,20.76,20.76
-0.61,6.71,28.7,-4.28,2.44,23.21,20.76,20.76
-0.61,7.32,28.09,-3.67,2.44,21.99,20.76,20.15
-0.61,7.32,28.09,-4.28,2.44,21.99,19.54,20.15
-1.221,6.71,27.48,-4.89,2.44,21.99,19.54,20.15
-1.221,7.32,27.48,-4.28,2.44,21.99,19.54,20.15
-0.61,7.32,26.87,-4.28,2.44,21.38,18.93,19.54
-1.221,7.32,26.26,-4.28,2.44,21.38,18.93,18.93
-1.221,7.32,26.26,-3.67,1.83,21.38,18.32,18.93
-1.221,6.71,26.26,-4.89,1.83,21.38,18.32,18.32
-0.61,7.32,26.26,-4.89,2.44,20.76,17.71,18.32
-1.829,7.32,25.65,-4.28,2.44,20.76,17.71,18.32
-1.221,7.32,25.65,-4.89,1.83,20.76,17.1,18.32
-1.221,7.32,25.65,-4.89,2.44,20.76,17.1,18.32
-1.221,6.71,25.04,-5.5,2.44,20.15,17.1,18.32
-1.221,6.71,25.04,-5.5,1.83,19.54,17.1,18.32
-1.221,7.32,24.43,-5.5,1.83,19.54,16.49,18.32
-1.829,6.71,23.82,-5.5,2.44,20.15,16.49,18.32
-0.61,6.71,23.82,-6.11,1.83,19.54,15.88,17.71
-1.221,6.71,23.82,-6.11,1.83,19.54,15.27,17.71
-1.221,6.71,23.21,-6.11,1.83,19.54,15.27,17.71
-1.221,6.71,23.21,-6.11,1.83,18.93,15.88,17.71
-1.221,6.71,23.21,-6.11,1.83,17.71,15.27,17.1
-1.221,6.71,22.6,-6.11,1.83,17.71,14.65,16.49
-1.221,7.32,22.6,-6.11,1.83,18.32,14.04,16.49
-1.221,7.32,21.99,-5.5,1.83,17.71,14.65,16.49
-1.221,6.71,21.38,-6.11,1.83,17.71,14.04,15.88
-1.829,7.32,21.38,-6.11,1.83,17.1,14.04,15.88
-1.829,7.32,20.77,-6.11,1.83,17.1,14.04,15.88
-1.221,6.71,20.77,-6.11,1.83,17.1,14.04,15.88
-1.221,6.71,21.38,-6.11,1.83,16.49,13.43,15.88
-1.829,6.71,20.77,-6.11,1.83,17.1,13.43,16.49
-1.221,7.32,20.16,-6.72,1.83,17.1,13.43,16.49
-1.221,7.32,19.54,-6.72,1.83,16.49,12.21,16.49
-1.221,6.71,19.54,-6.72,1.83,15.88,12.82,15.88
-1.221,7.32,18.93,-6.72,1.83,15.88,12.82,15.88
-1.221,6.71,19.54,-6.72,2.44,15.88,12.21,15.88
-0.61,6.71,19.54,-6.72,1.83,15.27,12.21,15.88
-1.221,7.32,19.54,-7.33,1.83,15.27,12.21,15.88
-1.221,6.71,18.32,-7.33,2.44,14.66,12.21,15.27
-0.61,7.32,17.71,-7.33,2.44,14.66,12.21,14.66
-0.61,6.71,17.71,-7.33,1.83,14.66,11.6,14.66
-1.221,6.71,18.32,-7.33,1.83,14.66,12.21,14.66
-1.221,6.71,17.71,-7.33,1.83,14.66,11.6,14.66
-0.61,7.32,17.1,-6.72,1.83,14.05,10.99,14.04
-0.61,7.32,17.1,-6.72,2.44,13.44,11.6,14.66
-1.221,7.32,17.1,-6.72,2.44,12.83,10.99,14.66
-0.61,7.94,16.49,-6.72,1.83,13.44,10.99,14.66
0,7.94,15.88,-6.72,2.44,12.83,10.38,14.66
-0.61,7.32,16.49,-7.33,1.83,12.83,10.99,14.66
0,6.71,15.88,-6.72,1.83,12.22,10.38,14.66
-0.61,7.32,15.88,-7.33,2.44,12.22,10.99,14.66
-0.61,7.94,15.27,-7.33,2.44,12.22,10.38,15.27
0,7.94,15.27,-7.33,2.44,12.22,10.38,15.27
0,7.32,14.66,-7.33,2.44,11.61,10.38,14.66
-0.61,7.32,14.66,-7.94,2.44,11.61,10.38,14.04
-0.61,6.71,14.05,-7.94,2.44,11.61,10.38,14.66
0,7.32,14.05,-7.33,3.05,10.99,10.38,14.04
0,6.71,13.44,-7.94,3.05,10.99,10.38,14.04
-0.61,7.94,13.44,-7.33,2.44,10.99,9.77,13.43
0,7.32,13.44,-7.33,2.44,10.99,10.38,14.04
-0.61,7.94,12.83,-7.33,3.05,10.38,9.77,14.04
-0.61,7.32,12.83,-7.33,3.05,10.99,9.77,13.43
0,7.32,12.22,-7.94,3.05,10.38,9.77,13.43
0,7.94,12.83,-7.33,3.05,10.38,9.77,13.43
0,8.55,12.22,-7.33,3.05,9.16,9.77,14.04
-0.61,7.94,11.61,-7.33,3.67,9.77,9.77,14.04
0.611,7.94,11.61,-6.72,3.05,9.77,9.16,13.43
0.611,8.55,11,-6.72,3.67,9.16,9.16,13.43
1.222,9.16,21.38,1.22,3.67,8.55,9.77,14.04
1.222,8.55,19.54,7.33,3.05,8.55,9.16,14.04
0.611,8.55,14.66,6.1,3.67,8.55,9.16,14.04
0,7.94,11,4.27,3.05,8.55,9.16,14.04
0,7.94,7.94,1.83,3.05,8.55,9.16,13.43
0,7.94,6.11,0.61,5.5,19.54,9.16,13.43
-0.61,7.32,3.67,0,4.28,18.32,9.16,14.04
-1.221,7.32,1.84,-1.22,3.67,15.88,9.16,13.43
-1.221,6.71,0,-2.44,3.05,12.83,8.55,12.82
-1.221,7.32,-1.22,-2.44,1.83,10.99,6.72,10.99
-1.829,8.55,-2.44,-3.67,1.83,8.55,5.49,9.16
-1.221,8.55,-3.05,-3.67,1.22,6.72,4.27,7.94
-1.829,9.16,-4.27,-3.67,0.61,6.11,3.05,6.72
-1.221,9.16,-3.66,-3.06,0,4.89,1.83,5.5
-1.221,10.38,-3.66,-3.06,-0.61,3.67,0.61,4.89
-1.221,10.38,-3.66,-2.44,-0.61,2.45,0,4.27
-0.61,10.99,-2.44,-1.22,-1.22,2.45,0,3.66
-0.61,10.99,-2.44,-1.22,-1.22,1.83,0,2.44
-0.61,10.99,-1.22,0,-1.22,1.83,-1.22,1.83
0,11.6,0,0.61,-1.22,2.45,-1.22,1.83
0.611,11.6,1.22,2.44,-1.22,2.45,-1.22,1.83
1.222,11.6,3.06,4.27,-1.22,3.06,-1.22,1.22
1.222,12.21,4.89,6.1,-0.61,3.67,-1.22,1.22
1.832,12.21,6.72,7.94,-0.61,5.5,-1.22,1.83
3.051,13.43,7.94,10.379,-0.61,6.72,-1.22,1.83
3.661,14.04,9.77,12.211,-0.61,8.55,-1.22,1.83
4.271,14.65,11.61,15.26,0.61,9.77,-0.61,2.44
4.881,15.26,13.44,17.1,0,11.61,0,3.66
6.111,16.48,15.88,19.54,0.61,14.05,0,4.27
6.721,16.48,17.1,21.37,0.61,15.88,0.61,5.5
7.331,17.71,18.93,23.81,1.83,17.71,0.61,5.5
7.941,18.32,19.54,25.64,2.44,20.15,1.22,6.72
9.161,18.93,21.38,27.48,3.05,21.99,1.22,7.33
10.381,18.93,22.6,28.7,4.28,24.429,1.83,8.55
11.601,20.15,23.82,29.31,4.89,26.261,2.44,9.16
12.211,20.15,25.04,31.14,5.5,28.09,3.05,10.38
13.431,21.37,26.26,32.36,6.72,30.54,3.66,10.99
14.041,21.98,27.48,33.58,8.55,31.76,4.88,12.21
14.651,22.59,27.48,34.8,9.77,34.2,5.49,13.43
15.881,23.2,28.7,34.8,11.6,34.81,6.11,14.66
16.491,23.81,29.31,36.03,14.05,36.64,6.72,16.49
17.711,24.42,30.54,37.25,17.71,37.86,7.33,17.71
17.711,25.64,30.54,37.86,21.37,39.08,9.16,19.54
18.321,26.25,31.15,38.47,23.82,39.69,9.77,21.37
19.541,27.48,32.368,38.47,28.09,40.31,10.38,21.98
20.151,27.48,32.368,39.69,31.14,40.92,10.99,24.43
20.761,28.09,32.979,40.3,34.81,42.14,12.21,26.26
21.371,28.09,32.979,40.91,37.86,42.75,13.43,27.48
21.981,28.09,33.589,40.3,40.3,43.36,14.65,29.31
21.981,28.09,33.589,41.52,42.75,43.36,15.88,30.53
23.201,28.7,33.589,40.91,45.19,43.97,16.49,31.75
23.201,28.7,34.811,41.52,47.02,43.97,17.71,32.98
23.811,29.92,34.811,41.52,48.24,44.58,19.54,34.81
24.431,29.92,34.811,41.52,50.07,44.58,20.76,34.81
25.041,29.92,35.421,42.13,51.91,44.58,21.98,36.03
25.041,29.92,34.811,42.74,53.128,45.19,23.2,37.86
25.651,29.92,35.421,42.74,54.349,45.8,24.43,39.08
26.261,30.53,35.421,42.74,55.571,45.8,26.26,39.69
26.871,31.14,36.032,42.74,56.792,45.8,26.26,40.3
26.871,31.14,35.421,42.74,58.01,45.8,28.7,41.52
26.871,31.75,35.421,43.35,58.62,45.19,29.92,42.75
26.871,32.36,36.032,43.96,60.46,45.8,31.14,42.75
27.481,31.75,36.032,43.96,61.07,45.8,32.36,43.97
28.091,31.75,35.421,43.96,62.29,46.41,34.2,45.188
27.481,32.36,36.032,44.58,62.9,45.8,34.81,46.409
28.701,31.75,36.032,43.96,63.51,45.8,36.638,46.409
28.091,31.14,36.032,43.96,64.12,45.8,37.249,47.02
28.091,31.75,36.032,43.96,64.73,46.41,38.47,47.631
28.701,31.14,36.032,43.96,65.34,46.41,39.691,47.631
28.701,31.14,36.032,43.96,65.95,46.41,40.302,48.241
28.701,31.14,35.421,43.96,66.56,46.41,42.13,48.852
28.701,31.75,35.421,44.58,67.17,46.41,43.36,48.852
29.311,31.14,35.421,44.58,67.78,46.41,43.97,48.852
29.311,31.75,35.421,45.19,67.78,47.02,45.19,48.852
29.311,31.75,35.421,44.58,68.39,46.41,46.41,49.46
29.311,31.14,36.032,44.58,69,46.41,47.02,50.07
29.921,31.75,36.032,44.58,69,47.02,47.63,49.46
29.311,31.75,36.032,45.19,69.62,47.02,48.85,50.68
29.311,32.36,36.64,45.19,69.62,47.02,49.46,51.29
29.921,31.75,36.64,45.19,70.23,46.41,50.07,51.91
29.311,31.75,35.421,45.8,70.84,47.63,50.68,51.91
29.921,32.36,36.032,45.8,71.45,47.63,51.9,51.91
29.311,32.36,36.64,45.19,71.45,47.63,51.9,52.52
29.311,31.75,36.032,45.8,71.45,47.63,52.51,52.52
29.311,31.75,36.64,45.19,70.84,47.02,53.74,52.52
29.311,31.75,36.64,45.8,71.45,47.63,53.74,53.13
29.311,31.75,36.64,46.41,72.06,47.02,53.74,52.52
29.921,31.75,36.64,45.19,72.06,47.63,54.35,52.52
29.311,31.14,36.64,45.8,72.67,47.63,54.96,52.52
29.921,31.75,36.64,45.19,72.06,47.63,55.57,52.52
29.311,31.14,36.64,45.19,72.06,48.24,56.18,52.52
29.311,31.14,37.25,45.19,72.67,48.24,55.57,53.13
29.311,30.53,36.64,45.19,72.67,48.24,56.79,53.13
29.311,30.53,36.64,45.19,72.67,48.24,56.18,52.52
28.701,30.53,36.64,45.8,72.67,48.85,56.79,53.13
28.701,30.53,37.25,45.19,72.67,48.24,57.4,53.74
28.701,30.53,37.25,45.19,72.67,48.24,58.01,53.74
28.701,31.14,37.86,45.8,72.67,48.85,57.4,53.74
28.701,31.14,37.25,45.8,72.67,49.47,58.01,54.35
28.091,31.14,37.25,46.41,73.28,49.47,58.01,53.74
28.701,31.14,37.25,45.8,72.06,48.24,58.01,53.74
28.091,31.14,37.86,45.8,72.06,49.47,58.62,54.35
28.091,31.14,37.86,46.41,72.67,48.85,58.62,53.74
28.091,30.53,37.86,45.8,72.06,49.47,58.62,53.74
28.091,30.53,37.86,45.19,72.67,48.85,59.23,53.13
27.481,30.53,38.47,45.8,72.06,48.85,59.23,53.13
27.481,29.92,38.47,45.8,72.06,49.47,58.62,53.13
27.481,29.92,38.47,45.8,71.45,50.08,59.23,53.13
27.481,29.92,38.47,45.8,71.45,50.08,59.23,53.74
27.481,29.31,38.47,45.8,72.06,50.08,59.23,53.13
26.871,29.92,37.86,45.8,71.45,50.69,58.62,53.74
27.481,29.31,38.47,45.8,71.45,50.69,59.23,53.74
26.871,29.31,38.47,45.8,71.45,50.08,59.23,54.35
26.871,30.53,39.09,45.8,70.84,50.69,59.23,54.35
26.871,29.92,39.09,45.8,70.23,50.08,59.23,53.74
26.871,29.92,39.09,46.41,70.84,51.3,59.23,53.74
26.261,29.31,39.09,46.41,70.23,51.3,59.84,53.13
26.871,30.53,39.09,45.8,70.23,51.3,59.84,53.74
26.261,29.92,39.7,46.41,70.23,50.69,59.84,53.13
26.261,29.92,39.7,46.41,69.62,50.69,59.84,53.13
26.261,29.31,39.7,45.8,69.62,51.3,59.23,53.13
25.651,29.31,40.31,46.41,69,51.3,59.23,53.13
25.651,28.7,40.31,46.41,68.39,51.91,59.84,53.13
26.261,29.31,40.92,45.8,68.39,51.91,59.84,52.52
25.041,29.31,40.92,45.8,68.39,51.91,59.84,52.52
25.041,28.7,40.92,45.19,67.78,51.91,59.23,53.13
25.041,28.09,40.92,45.8,67.17,51.91,59.23,52.52
25.041,28.09,40.92,45.8,66.56,52.52,59.23,52.52
24.431,28.7,40.92,45.8,67.17,51.91,59.84,52.52
24.431,28.7,41.53,45.8,66.56,52.52,59.23,52.52
24.431,28.09,40.92,45.8,66.56,53.13,59.84,52.52
23.811,28.7,41.53,45.8,66.56,52.52,59.23,51.91
24.431,28.7,41.53,45.8,65.95,53.13,59.23,52.52
23.811,28.7,41.53,46.41,65.95,53.13,59.23,51.91
23.201,28.7,41.53,46.41,64.73,53.74,59.23,52.52
23.201,28.7,41.53,46.41,64.73,53.13,59.23,52.52
23.201,28.7,42.14,45.8,64.12,53.74,59.23,51.91
23.201,28.7,42.14,46.41,64.12,53.74,59.23,51.91
23.201,28.7,42.14,46.41,63.51,53.74,58.62,51.91
23.201,28.7,42.14,45.8,62.9,53.74,58.62,51.91
22.591,28.09,42.14,45.8,62.9,53.74,58.62,50.68
23.201,28.7,42.14,46.41,62.29,53.74,58.62,51.29
22.591,28.7,42.75,46.41,61.07,54.35,59.23,51.29
21.981,28.09,42.75,46.41,61.68,54.96,58.62,51.29
22.591,27.48,42.75,45.8,61.07,54.96,58.62,50.68
21.371,28.09,42.75,46.41,61.07,54.35,58.62,50.68
21.371,27.48,43.36,46.41,60.46,54.35,58.62,50.07
21.371,28.09,43.36,46.41,59.85,54.96,58.62,49.46
21.981,27.48,43.97,45.8,59.23,54.96,58.62,50.07
21.371,27.48,43.97,46.41,58.62,55.57,58.01,49.46
21.371,26.87,44.58,46.41,58.62,56.18,58.62,50.07
20.761,27.48,43.97,46.41,58.01,55.57,58.01,49.46
20.761,26.87,44.58,46.41,57.4,55.57,58.01,49.46
20.761,26.87,44.58,45.8,56.792,56.18,58.01,49.46
20.761,26.87,44.58,45.8,56.792,56.18,57.4,49.46
20.151,26.25,44.58,46.41,56.181,56.18,58.01,49.46
20.151,26.87,45.19,45.8,55.571,56.18,58.01,49.46
20.151,26.87,44.58,45.8,55.571,56.79,57.4,49.46
19.541,26.87,45.19,46.41,54.349,56.79,57.4,49.46
19.541,26.87,45.19,45.8,53.739,56.79,57.4,48.852
19.541,26.25,45.19,45.8,53.739,56.79,57.4,48.852
19.541,26.87,45.8,46.41,53.739,56.79,56.79,47.631
19.541,26.25,45.8,46.41,53.128,57.4,56.79,47.631
19.541,26.87,45.8,46.41,52.52,56.79,57.4,47.631
18.931,26.25,46.41,46.41,51.91,57.4,56.79,47.631
18.931,26.87,46.41,46.41,51.3,57.4,56.79,47.631
18.321,26.25,46.41,46.41,51.3,58.01,56.18,47.631
18.321,26.25,47.02,46.41,50.69,58.01,56.18,47.02
18.931,26.87,46.41,46.41,50.69,58.01,56.18,47.02
18.321,26.25,47.63,46.41,49.46,58.01,56.18,47.631
18.321,25.64,47.02,46.41,49.46,58.01,56.79,47.631
17.711,25.64,47.02,46.41,48.24,58.01,56.18,47.631
17.711,25.64,47.02,46.41,48.24,58.63,55.57,46.409
17.711,25.64,47.02,46.41,48.24,58.63,55.57,47.02
17.711,26.25,47.02,46.41,47.02,58.63,55.57,46.409
17.711,25.64,47.63,46.41,47.02,58.63,55.57,47.02
17.101,26.25,48.24,46.41,46.41,59.24,54.96,47.02
17.711,25.03,48.24,46.41,46.41,59.85,54.96,46.409
17.711,25.64,48.86,46.41,45.19,59.85,54.96,45.799
17.101,25.64,48.86,46.41,44.58,59.24,54.96,45.799
17.101,25.64,48.86,47.02,44.58,59.24,54.96,45.799
16.491,25.64,48.86,47.02,43.36,59.85,54.35,45.188
17.101,25.03,48.86,47.02,43.36,59.85,54.35,45.188
16.491,25.64,48.86,46.41,43.36,60.46,54.35,45.188
16.491,25.03,49.47,46.41,42.14,59.85,54.35,45.188
16.491,24.42,49.47,46.41,41.53,59.85,54.35,44.58
15.881,24.42,49.47,46.41,41.53,60.46,53.74,44.58
15.881,24.42,49.47,46.41,40.92,60.46,53.74,44.58
16.491,25.03,50.08,46.41,40.3,60.46,53.74,44.58
15.881,24.42,50.08,46.41,39.69,60.46,53.13,43.97
16.491,24.42,50.08,46.41,39.69,61.07,53.13,43.36
15.881,24.42,50.08,46.41,38.47,60.46,53.13,43.97
15.881,25.03,50.69,46.41,38.47,61.07,53.13,43.36
15.271,23.81,50.69,46.41,38.47,60.46,53.13,42.75
15.271,24.42,50.69,46.41,37.86,61.07,53.13,42.13
14.651,25.03,50.69,47.02,37.25,61.07,52.51,42.75
14.651,24.42,50.69,46.41,36.64,61.68,52.51,42.13
15.271,25.03,51.3,47.02,36.03,61.07,52.51,42.13
15.271,25.03,51.3,46.41,36.03,61.68,51.9,42.13
15.271,25.03,51.91,46.41,35.42,61.07,51.9,42.13
15.271,24.42,51.3,47.02,34.81,61.68,51.29,41.52
15.271,25.03,51.91,47.02,35.42,62.29,51.29,42.13
15.271,25.64,51.91,47.02,34.2,62.29,51.29,42.13
14.651,25.03,51.91,47.02,34.2,62.29,51.29,42.13
14.651,25.03,52.52,47.02,33.59,62.29,50.68,42.13
14.651,24.42,52.52,46.41,32.98,62.9,50.68,42.13
14.651,25.03,51.91,47.02,32.98,62.9,50.68,42.13
14.651,24.42,52.52,47.02,32.37,62.9,50.07,42.13
14.651,24.42,53.13,47.02,32.37,62.9,50.07,41.52
14.041,25.03,53.13,46.41,31.76,64.12,50.07,41.52
14.651,25.03,52.52,47.02,31.14,62.9,50.07,42.13
14.651,24.42,53.13,46.41,31.14,63.51,49.46,42.13
14.651,23.81,53.13,46.41,31.14,63.51,49.46,42.13
14.041,25.03,53.74,46.41,30.53,62.9,49.46,42.75
14.041,25.03,53.74,47.02,29.92,63.51,49.46,42.75
14.041,24.42,53.74,47.02,29.92,62.9,48.85,42.75
14.041,25.03,53.74,47.02,29.31,63.51,49.46,42.75
14.041,24.42,54.35,47.02,29.31,63.51,48.85,42.75
14.041,24.42,53.74,47.02,28.7,63.51,48.85,42.75
13.431,25.03,54.35,47.02,28.7,63.51,48.85,42.75
14.041,25.03,54.35,47.02,28.09,64.12,48.24,42.75
14.041,24.42,54.35,46.41,27.48,64.12,48.24,42.13
14.041,24.42,54.35,46.41,27.48,64.12,48.24,42.13
14.041,25.03,54.35,47.02,27.48,64.12,48.24,42.13
14.041,24.42,54.35,47.02,26.87,64.12,48.24,41.52
13.431,25.03,54.35,47.02,26.87,64.12,47.63,41.52
13.431,25.03,54.35,47.02,26.26,64.73,47.63,42.13
13.431,25.64,54.96,47.02,25.65,64.73,47.63,41.52
14.041,25.03,54.96,47.02,26.26,64.12,47.63,42.13
13.431,25.03,54.96,47.02,26.26,64.12,47.02,42.13
13.431,25.03,54.96,47.63,25.65,65.34,47.02,42.13
14.041,25.03,55.57,47.02,25.65,64.73,47.02,42.13
12.821,25.03,55.57,47.02,25.04,64.73,47.02,42.13
13.431,25.64,55.57,47.02,25.04,64.73,47.02,42.75
13.431,25.64,55.57,47.02,25.04,64.73,46.41,42.13
14.041,25.64,56.18,47.63,24.43,64.73,46.41,42.75
14.041,26.25,56.18,47.63,24.43,64.73,46.41,42.75
13.431,26.25,56.18,47.63,25.04,65.34,46.41,42.75
13.431,26.25,56.18,47.63,24.43,65.34,46.41,42.75
13.431,25.64,56.18,47.63,23.82,65.34,45.8,42.75
14.041,26.25,56.79,48.24,23.82,65.34,46.41,42.13
14.041,26.25,56.18,47.63,23.82,65.34,45.8,41.52
13.431,26.25,56.18,47.63,23.82,65.34,45.8,42.13
13.431,26.25,56.79,47.63,24.43,65.95,45.8,42.75
14.041,26.87,56.79,47.63,23.21,65.95,45.8,42.75
14.041,26.87,56.79,47.63,23.82,65.95,45.8,42.13
14.041,26.25,57.4,47.63,23.21,65.95,45.8,41.52
13.431,26.25,56.79,47.63,23.21,65.95,45.8,42.75
14.041,26.25,57.4,47.63,23.21,65.95,45.19,42.13
13.431,26.25,57.4,47.63,23.21,65.95,45.19,42.75
14.041,26.25,57.4,47.02,23.21,66.56,45.19,42.13
14.041,26.25,57.4,47.02,23.21,65.95,45.19,42.75
14.041,26.25,57.4,47.63,23.82,67.17,45.19,43.36
13.431,26.25,57.4,47.63,23.82,65.95,45.19,42.75
14.651,25.64,58.02,47.02,23.21,65.95,45.19,42.75
14.041,26.87,57.4,47.02,23.82,67.17,45.19,43.36
14.041,25.64,58.02,47.63,23.21,66.56,45.19,42.75
14.651,26.87,58.02,47.63,23.21,65.95,45.19,42.75
14.041,26.25,57.4,47.63,23.82,66.56,45.19,42.75
14.041,26.25,58.02,47.02,23.82,66.56,45.19,42.75
14.651,26.25,58.02,47.63,23.82,66.56,44.58,42.75
14.651,27.48,58.02,47.63,23.21,66.56,45.19,43.36
14.041,26.87,58.02,47.63,23.21,66.56,45.19,43.36
14.651,26.87,58.02,48.24,23.82,67.17,44.58,42.75
14.041,27.48,58.63,47.63,23.82,67.17,44.58,43.36
14.651,27.48,58.63,47.63,23.82,66.56,44.58,43.36
14.651,27.48,58.63,48.24,23.21,67.17,45.19,43.36
14.651,27.48,58.63,47.63,23.82,67.17,45.19,43.97
14.651,27.48,59.24,47.63,24.43,67.17,45.19,43.97
15.271,28.09,59.24,47.63,23.82,67.17,45.19,44.58
15.271,28.7,59.24,47.63,23.82,67.17,44.58,44.58
15.271,27.48,59.24,47.63,23.82,66.56,44.58,44.58
15.271,27.48,59.24,47.63,24.43,67.17,44.58,44.58
14.651,27.48,58.63,47.02,24.43,66.56,44.58,44.58
14.651,27.48,59.24,47.63,24.43,67.17,44.58,44.58
15.271,28.09,58.63,47.63,24.43,67.78,44.58,44.58
15.271,27.48,59.24,47.63,24.43,67.78,44.58,45.188
15.271,28.09,59.24,47.02,24.43,67.78,44.58,45.188
15.881,27.48,59.85,47.63,25.04,67.17,44.58,45.188
15.271,28.09,59.24,47.63,25.04,67.17,45.19,45.188
15.881,28.09,59.24,47.63,25.04,67.17,45.19,45.799
15.271,27.48,59.24,47.63,25.04,67.78,44.58,45.188
15.881,27.48,59.85,47.02,25.65,67.78,44.58,45.188
15.881,27.48,59.85,47.02,25.04,67.78,44.58,45.799
15.881,27.48,59.24,47.02,25.04,67.17,44.58,45.799
16.491,28.09,59.85,47.02,25.65,67.78,43.97,45.799
16.491,28.09,59.24,47.63,25.65,67.78,43.97,46.409
15.881,27.48,59.24,47.63,26.26,67.78,43.97,47.02
16.491,28.09,59.85,47.02,25.65,67.78,43.97,45.799
15.881,28.09,59.24,47.02,26.26,67.17,43.97,46.409
16.491,27.48,59.85,47.02,26.26,67.78,43.97,46.409
16.491,27.48,59.85,47.02,26.87,67.17,43.97,46.409
16.491,28.7,59.85,47.63,26.26,67.78,43.97,46.409
17.101,28.09,59.24,45.8,26.87,67.78,43.97,46.409
16.491,29.31,54.35,40.3,26.87,67.17,43.97,46.409
15.881,28.09,53.13,38.47,26.87,67.78,43.97,47.02
15.271,28.09,53.74,39.08,27.48,67.78,43.97,47.02
14.651,28.09,53.74,39.08,27.48,68.4,43.97,47.631
14.651,26.87,54.35,39.69,28.7,65.95,44.58,47.631
14.651,26.25,54.35,39.69,25.04,62.9,44.58,48.241
14.651,26.25,54.35,40.3,22.6,63.51,45.8,49.46
15.271,26.25,54.35,40.3,21.37,64.12,48.24,51.29
14.651,25.64,54.35,40.3,20.76,64.73,49.46,52.52
14.651,25.64,53.74,40.3,20.15,65.34,51.29,53.74
14.651,25.64,53.74,39.69,20.15,65.34,51.9,53.74
14.651,25.64,53.13,39.69,20.76,65.34,52.51,54.35
14.651,25.64,53.13,39.08,20.15,65.34,52.51,53.74
14.651,25.03,52.52,38.47,20.15,65.34,53.13,53.74
14.651,25.64,53.13,37.86,20.15,65.34,52.51,53.74
15.271,25.03,52.52,37.86,20.15,64.73,52.51,53.74
15.271,25.03,52.52,37.25,20.15,63.51,51.9,53.13
15.271,25.03,52.52,36.64,20.15,62.9,51.29,52.52
15.271,25.03,53.13,36.03,20.15,62.29,50.68,51.91
15.271,25.03,51.91,35.42,19.54,62.9,49.46,51.91
15.271,25.03,52.52,35.42,19.54,61.68,48.24,50.68
15.271,24.42,52.52,34.8,19.54,61.68,46.41,50.07
15.271,25.03,51.91,34.19,20.15,61.07,45.8,48.852
15.881,25.03,52.52,33.58,19.54,60.46,43.97,48.241
15.881,25.03,52.52,33.58,19.54,59.85,42.13,46.409
15.881,25.03,53.13,32.36,18.93,59.24,41.52,45.799
16.491,25.03,53.13,32.36,18.93,58.63,39.081,43.97
16.491,24.42,52.52,31.14,19.54,58.01,37.859,43.36
16.491,24.42,53.13,30.53,18.32,58.01,36.638,41.52
16.491,24.42,53.13,30.53,18.32,57.4,35.42,40.91
17.101,25.03,53.13,29.92,18.93,57.4,33.58,38.47
16.491,24.42,53.13,29.31,18.32,56.18,31.75,38.47
17.101,24.42,53.74,28.7,18.32,56.18,30.53,36.64
17.711,24.42,53.74,28.7,18.32,56.18,29.31,34.81
17.711,24.42,53.74,28.7,18.32,56.18,28.09,34.2
17.711,24.42,53.74,27.48,18.32,56.18,27.48,32.98
17.711,25.03,53.74,28.09,18.32,56.18,25.65,31.14
17.711,24.42,53.74,27.48,18.32,55.57,25.04,30.53
18.321,25.03,54.35,27.48,18.32,55.57,24.43,29.92
18.931,24.42,54.35,26.87,18.32,55.57,23.81,28.09
18.321,25.03,54.35,26.87,18.32,55.57,22.59,27.48
18.931,25.03,54.35,26.87,18.93,55.57,21.98,26.87
19.541,24.42,54.96,26.87,18.93,55.57,21.37,26.26
18.931,25.03,54.35,26.87,18.93,55.57,21.37,25.04
19.541,25.03,54.96,26.26,18.93,55.57,20.76,23.82
19.541,25.03,54.96,26.26,19.54,55.57,20.15,23.82
20.151,25.64,55.57,26.26,19.54,56.18,20.15,23.2
20.151,25.64,55.57,26.26,19.54,56.18,20.15,23.2
20.151,25.64,55.57,26.26,18.93,55.57,20.15,22.59
20.151,26.25,54.96,25.64,19.54,55.57,20.15,22.59
20.151,26.25,55.57,25.64,20.15,55.57,20.15,23.2
20.761,25.64,55.57,25.64,19.54,56.18,20.76,23.2
20.761,25.64,56.18,25.03,20.15,56.18,20.15,22.59
20.761,26.25,56.79,25.64,20.76,56.18,20.15,23.2
21.371,26.25,56.79,25.64,20.15,56.79,20.76,22.59
21.371,26.25,56.79,25.64,21.37,55.57,20.76,23.2
21.371,26.87,56.79,25.64,21.37,56.18,20.76,23.2
21.371,26.87,56.79,25.03,21.98,56.18,20.76,23.2
21.371,26.87,56.79,25.64,21.98,55.57,21.37,23.2
21.371,27.48,57.4,26.26,21.98,56.79,21.37,22.59
21.371,27.48,56.79,26.26,21.98,56.18,22.59,23.82
21.981,28.09,58.02,26.26,22.6,56.79,22.59,23.2
21.981,27.48,58.02,26.26,22.6,56.79,23.2,23.82
21.981,27.48,58.02,25.64,23.21,56.18,23.2,23.82
21.981,28.09,58.02,26.26,23.21,57.4,23.81,24.43
22.591,28.09,58.63,25.64,23.82,56.79,24.43,24.43
22.591,28.09,58.63,25.64,23.82,56.79,25.65,25.04
22.591,28.7,58.02,25.64,23.82,56.18,25.65,25.65
22.591,28.7,58.63,25.64,24.43,56.79,26.26,26.26
21.981,28.09,58.02,25.64,24.43,56.79,26.87,26.87
22.591,28.7,58.63,25.64,25.04,56.79,27.48,27.48
21.981,28.7,58.63,26.26,25.65,56.79,28.7,28.09
21.981,28.7,58.63,25.64,25.65,56.18,29.31,28.09
22.591,28.7,59.24,25.03,25.65,56.79,29.92,29.31
21.981,29.31,59.24,25.64,26.26,56.79,30.53,29.31
21.981,29.31,59.24,25.64,26.26,55.57,31.14,29.92
21.981,28.7,59.24,26.26,26.87,56.18,31.75,30.53
21.981,29.31,59.85,26.26,26.87,56.18,31.75,30.53
21.981,29.31,59.85,26.26,26.26,56.18,32.97,31.14
21.981,29.31,59.85,26.26,27.48,56.18,34.2,31.75
22.591,29.31,59.85,25.64,28.09,55.57,34.2,31.75
21.981,29.31,59.85,25.64,28.09,56.18,35.42,32.36
21.981,29.31,59.85,25.64,28.09,55.57,36.03,32.36
21.371,28.7,59.85,25.64,28.7,55.57,37.249,32.98
21.371,28.7,59.85,25.64,28.7,55.57,37.249,33.59
21.981,28.7,60.46,25.64,29.31,56.18,38.47,34.2
21.981,28.7,60.46,25.64,29.31,55.57,39.691,34.81
21.981,28.7,60.46,26.26,29.92,54.96,40.302,34.81
21.981,28.7,60.46,26.26,29.92,55.57,40.91,35.42
21.371,28.7,60.46,26.26,30.53,55.57,41.52,35.42
21.371,28.7,60.46,25.64,29.92,55.57,42.13,36.64
21.371,28.7,60.46,26.26,31.14,55.57,42.74,36.64
20.761,28.7,60.46,25.64,30.53,54.96,43.36,37.25
20.761,28.09,60.46,26.26,31.14,54.96,44.58,37.25
20.761,27.48,61.07,25.64,31.14,54.96,45.19,38.47
20.761,28.7,60.46,25.64,31.76,54.35,45.8,38.47
20.151,28.09,61.07,26.26,31.76,54.35,46.41,38.47
20.761,28.09,61.07,25.64,31.76,54.96,46.41,39.08
20.151,27.48,61.07,26.26,32.37,53.74,47.02,39.69
20.151,28.09,60.46,26.26,32.37,54.35,47.63,39.69
20.761,27.48,61.07,25.64,32.37,54.35,48.24,40.3
20.151,27.48,61.07,25.64,32.37,54.35,48.85,40.3
19.541,26.87,60.46,26.26,32.98,53.74,49.46,40.3
19.541,27.48,60.46,25.64,33.59,54.35,50.07,40.3
19.541,26.87,61.07,26.26,32.98,53.74,50.68,40.91
19.541,26.87,60.46,26.26,33.59,53.74,50.68,41.52
19.541,26.87,60.46,26.26,32.98,53.74,51.29,41.52
19.541,26.87,60.46,25.64,34.2,53.74,51.9,42.13
18.931,26.25,60.46,26.26,33.59,53.74,51.9,42.13
18.931,26.25,60.46,25.64,33.59,53.13,52.51,42.13
18.321,26.25,60.46,26.26,33.59,53.13,52.51,42.13
19.541,25.64,60.46,26.26,33.59,53.13,53.13,42.75
19.541,25.64,59.24,25.64,33.59,53.13,53.74,42.75
20.151,26.25,60.46,26.26,33.59,53.13,53.13,43.36
18.931,25.64,59.85,25.64,34.2,53.13,53.74,43.36
19.541,25.03,59.24,25.64,34.2,52.52,54.35,43.36
19.541,25.03,59.85,25.03,34.2,52.52,54.96,43.36
18.321,25.64,59.85,25.64,34.2,52.52,54.96,43.36
18.321,25.03,59.24,26.26,34.2,51.91,54.96,43.97
18.321,25.64,59.24,25.64,34.2,51.91,55.57,43.97
18.931,24.42,59.85,25.64,34.2,50.69,55.57,44.58
17.711,25.03,59.24,25.03,34.2,51.3,55.57,43.97
17.711,24.42,59.24,25.64,34.2,51.3,55.57,43.97
17.711,23.81,58.63,25.03,34.2,51.3,56.18,43.97
17.101,24.42,58.63,25.03,34.2,51.3,56.18,43.97
17.101,24.42,58.63,25.03,34.2,51.3,56.18,44.58
16.491,23.81,58.63,24.42,33.59,51.3,56.79,44.58
15.881,23.2,58.02,24.42,33.59,51.3,56.79,44.58
15.881,23.2,57.4,24.42,34.2,51.3,56.79,44.58
15.881,22.59,57.4,23.81,32.98,51.3,57.4,44.58
15.271,23.2,58.02,23.81,33.59,50.69,56.79,44.58
15.881,22.59,57.4,23.81,33.59,50.69,56.79,44.58
15.271,22.59,57.4,23.2,33.59,51.3,57.4,44.58
15.271,21.98,58.02,23.2,32.98,50.69,58.01,45.188
15.271,21.98,57.4,22.59,32.98,50.08,58.01,44.58
14.651,21.98,57.4,23.2,32.37,50.69,57.4,44.58
14.651,21.98,56.79,22.59,32.98,50.08,57.4,45.188
14.651,21.37,56.79,22.59,32.37,50.08,58.01,44.58
13.431,21.37,56.79,23.2,32.37,49.47,58.01,44.58
13.431,21.37,56.79,23.2,32.37,50.08,57.4,44.58
13.431,20.76,56.79,22.59,32.37,49.47,58.01,44.58
12.821,20.76,56.18,21.98,31.76,48.85,58.01,44.58
12.821,20.76,56.79,21.98,31.76,49.47,58.01,43.97
12.211,21.37,56.79,21.37,30.53,48.85,57.4,43.97
12.211,20.76,56.18,21.37,30.53,47.63,58.01,43.97
11.601,20.15,55.57,21.37,30.53,48.24,58.01,43.97
11.601,19.54,55.57,20.15,30.53,47.63,57.4,43.36
11.601,19.54,55.57,20.15,29.92,47.63,57.4,43.97
10.991,18.93,55.57,19.54,29.92,47.02,56.79,43.97
10.991,18.93,55.57,19.54,29.92,47.63,58.01,43.97
10.991,18.93,55.57,19.54,29.31,47.02,57.4,43.36
10.381,18.93,54.96,18.93,29.31,47.02,57.4,43.97
9.771,18.93,54.35,18.93,28.7,47.02,57.4,43.36
9.771,18.32,54.96,18.32,28.09,46.41,57.4,43.97
9.161,18.32,54.35,18.32,28.09,46.41,57.4,43.36
9.771,17.71,53.74,17.71,27.48,45.8,56.79,43.97
9.161,17.71,53.74,17.71,26.87,46.41,56.79,43.97
9.161,17.09,54.35,17.71,26.87,46.41,56.79,43.36
8.551,17.71,53.74,17.1,26.26,45.19,56.18,43.36
8.551,17.09,53.13,17.1,26.26,45.19,56.18,43.36
7.941,17.71,53.13,16.49,25.65,45.19,56.18,43.36
7.331,16.48,52.52,16.49,25.65,44.58,56.18,42.75
7.331,16.48,52.52,16.49,25.04,45.19,56.18,42.75
7.331,17.09,52.52,15.87,25.04,44.58,55.57,42.75
6.721,16.48,52.52,14.65,23.82,43.97,55.57,42.75
6.111,16.48,51.91,15.26,23.21,43.97,55.57,42.75
6.111,16.48,51.91,15.26,23.82,43.97,55.57,42.75
5.501,15.87,51.91,15.26,23.21,43.36,54.96,42.13
6.111,15.87,51.3,14.65,22.6,43.36,54.96,42.13
5.501,15.26,50.69,14.04,21.98,42.75,54.96,42.13
5.501,15.87,51.3,14.65,21.98,42.75,53.74,41.52
4.881,15.26,50.69,14.04,20.76,42.14,54.35,40.91
4.881,15.87,50.69,13.432,21.37,42.75,54.35,41.52
4.271,15.26,50.08,13.432,20.15,41.53,53.74,40.91
4.271,15.26,49.47,12.821,19.54,42.14,53.74,40.91
4.881,15.26,49.47,12.211,19.54,41.53,53.74,39.69
3.661,14.65,49.47,12.211,18.93,42.14,52.51,39.69
4.271,14.65,48.86,11.6,18.93,42.14,53.13,40.3
3.661,14.65,48.24,11.6,18.32,41.53,52.51,39.69
3.661,14.04,48.24,10.989,17.71,40.92,52.51,39.69
3.051,14.04,48.24,10.379,17.71,41.53,52.51,39.08
3.051,14.04,48.24,10.379,17.1,40.31,51.9,39.69
3.051,13.43,47.63,9.768,16.49,40.92,51.9,39.08
3.051,14.04,47.63,9.768,15.88,40.92,51.29,39.08
3.051,13.43,47.02,9.16,15.27,39.69,51.29,39.08
2.443,12.82,47.02,9.16,15.27,39.69,51.29,39.08
2.443,13.43,47.02,9.16,14.66,39.69,50.68,38.47
1.832,12.82,46.41,8.55,14.66,40.31,50.07,39.08
1.832,12.82,46.41,7.94,14.05,39.08,50.07,38.47
1.222,12.82,45.8,8.55,13.44,39.08,50.07,38.47
1.222,12.82,45.8,7.94,13.44,39.08,49.46,37.86
1.222,12.82,45.8,7.33,13.44,38.47,48.85,37.86
1.222,12.82,45.19,7.94,12.21,38.47,48.85,37.86
1.832,12.82,44.58,7.33,12.21,37.86,48.85,37.86
1.222,12.82,44.58,7.33,12.21,37.86,48.24,37.86
0.611,12.21,44.58,6.71,11.6,37.86,48.24,37.25
0.611,12.82,43.97,6.71,11.6,37.86,47.63,37.25
0.611,12.21,43.97,6.1,10.99,37.25,47.02,37.25
0.611,12.21,43.97,6.1,10.99,37.25,47.02,36.64
0.611,11.6,43.36,5.49,10.38,37.25,46.41,36.03
0,12.21,42.75,5.49,9.77,36.64,46.41,36.03
0.611,12.21,42.75,4.88,9.77,36.64,46.41,36.03
0.611,12.21,42.75,4.88,9.77,36.03,45.8,35.42
0,11.6,42.75,4.27,9.16,36.03,46.41,35.42
0,11.6,42.14,4.27,9.16,36.03,45.8,34.81
0.611,11.6,42.14,3.66,9.77,36.03,45.19,34.2
0,10.99,41.53,3.66,9.16,36.03,44.58,34.81
-0.61,11.6,41.53,3.66,9.16,35.42,44.58,34.81
-0.61,10.38,40.92,3.05,8.55,35.42,43.97,34.2
-0.61,10.99,40.92,3.05,8.55,35.42,43.97,33.59
-1.221,11.6,40.92,3.05,8.55,34.81,43.36,34.2
-1.221,11.6,40.31,3.05,7.94,34.81,43.36,33.59
-1.221,10.99,40.31,2.44,7.94,34.81,43.36,33.59
-1.221,10.99,40.31,2.44,7.94,34.2,42.74,33.59
-1.829,10.99,40.31,2.44,7.33,33.59,42.74,32.98
-1.829,10.99,39.09,2.44,7.33,34.2,42.13,32.98
-1.221,10.99,39.7,1.22,7.33,33.59,42.13,32.98
-1.829,10.99,39.09,1.83,7.94,33.59,41.52,32.36
-1.829,10.38,39.09,1.83,7.33,32.98,40.91,32.98
-1.829,10.99,38.47,1.22,6.72,33.59,40.91,32.36
-1.829,10.99,38.47,0.61,6.72,32.98,40.302,31.75
-2.439,10.38,37.86,0.61,6.72,32.37,40.302,31.75
-1.829,10.38,38.47,0.61,6.11,32.98,40.302,31.75
-1.829,10.38,37.25,0.61,6.72,31.76,40.302,31.75
-2.439,10.99,37.25,0.61,6.11,32.37,39.691,31.75
-2.439,10.99,36.64,0,6.11,32.37,39.691,30.53
-1.829,10.99,37.25,0,6.11,31.76,38.47,31.14
-1.829,10.38,37.25,0,6.11,31.76,39.081,31.14
-2.439,10.38,36.64,-0.61,6.11,31.15,37.859,30.53
-2.439,10.38,36.032,-1.22,6.11,31.15,37.859,30.53
-3.049,10.38,36.64,-0.61,6.11,31.15,37.859,31.14
-2.439,10.99,35.421,-0.61,5.5,30.54,37.249,29.92
-2.439,10.38,35.421,-1.22,5.5,30.54,36.638,29.92
-2.439,10.99,35.421,-1.22,5.5,30.54,37.249,29.31
-2.439,10.38,35.421,-1.22,5.5,29.92,36.638,29.31
-2.439,10.38,34.811,-1.22,5.5,29.31,36.638,29.31
-2.439,10.38,34.811,-1.22,5.5,29.92,36.03,29.31
-3.049,10.38,34.811,-1.83,4.89,29.92,36.638,29.31
-3.049,10.38,34.2,-1.83,5.5,29.92,36.03,29.31
-2.439,10.38,33.589,-2.44,5.5,29.31,35.42,29.31
-2.439,10.38,33.589,-2.44,4.89,28.7,34.81,28.7
-3.049,10.38,32.979,-2.44,5.5,28.7,34.81,29.31
-2.439,10.38,32.979,-2.44,5.5,28.7,34.81,29.31
-3.049,10.38,32.979,-3.06,5.5,28.09,33.58,29.31
-2.439,9.77,32.979,-3.06,5.5,27.482,34.2,29.31
-2.439,10.38,32.368,-3.67,5.5,28.09,33.58,29.31
-2.439,10.38,31.76,-3.67,5.5,28.09,32.97,28.7
-2.439,10.38,32.368,-3.06,4.89,27.482,32.97,28.7
-1.829,9.77,31.76,-3.67,5.5,27.482,32.36,28.7
-2.439,10.38,31.76,-4.28,4.89,26.871,32.36,28.09
-2.439,10.38,31.76,-3.67,5.5,27.482,32.36,28.09
-2.439,10.99,31.15,-3.06,4.89,26.871,31.75,28.09
-2.439,10.38,31.15,-3.67,4.89,26.871,32.36,28.09
-2.439,10.38,30.54,-3.67,5.5,26.261,31.14,28.09
-2.439,10.99,30.54,-3.67,5.5,26.871,31.75,27.48
-2.439,10.99,30.54,-3.67,4.89,26.261,31.14,27.48
-2.439,10.38,29.93,-3.67,4.89,25.65,30.53,26.87
-3.049,10.99,29.93,-3.67,4.89,25.039,30.53,26.87
-2.439,10.38,29.31,-3.67,5.5,26.261,29.92,26.87
-2.439,10.38,29.31,-4.28,4.89,25.039,29.92,26.87
-2.439,10.38,29.31,-4.28,4.89,24.429,29.92,26.87
-2.439,10.99,28.7,-4.28,5.5,25.039,29.92,26.87
-2.439,10.99,28.09,-4.28,5.5,25.65,29.92,26.87
-2.439,10.38,28.09,-4.28,5.5,25.65,29.92,26.26
-2.439,10.99,27.48,-3.67,5.5,26.261,28.7,26.26
-1.829,11.6,28.09,-4.28,5.5,26.261,29.31,26.26
-2.439,10.99,27.48,-4.28,5.5,26.261,29.31,26.26
-2.439,10.99,26.87,-4.89,5.5,26.261,29.31,26.26
-2.439,10.38,26.87,-4.89,6.11,26.871,28.7,26.26
-2.439,10.99,26.87,-4.28,6.11,26.261,28.7,26.26
-1.829,10.99,26.26,-4.89,5.5,25.65,28.09,25.65
-2.439,11.6,26.26,-4.89,5.5,25.039,28.7,25.65
-1.829,10.99,26.26,-4.89,5.5,24.429,28.09,25.65
-1.829,10.99,26.26,-4.89,6.11,23.818,27.48,25.04
-2.439,10.99,25.65,-4.89,6.11,24.429,27.48,25.65
-2.439,10.99,25.04,-4.89,6.11,23.21,27.48,25.04
-1.829,10.38,25.04,-5.5,5.5,23.21,27.48,25.04
-1.829,10.99,25.04,-5.5,6.11,22.6,27.48,25.04
-1.829,10.99,25.04,-5.5,6.11,22.6,26.87,25.04
-1.829,10.99,24.43,-4.89,5.5,21.99,26.87,25.04
-1.829,11.6,24.43,-4.89,6.11,21.99,26.87,25.04
-1.829,11.6,23.82,-4.89,6.11,21.38,26.26,25.04
-1.829,11.6,24.43,-4.89,6.11,20.76,26.87,25.04
-1.221,10.99,23.82,-4.89,6.72,20.76,26.26,25.65
-1.829,11.6,23.21,-5.5,6.11,20.76,26.26,25.04
-1.221,11.6,23.21,-5.5,6.11,19.54,26.26,25.65
-1.221,10.99,22.6,-5.5,6.11,19.54,25.65,25.04
-1.829,11.6,22.6,-5.5,6.11,20.15,25.65,25.04
-1.221,11.6,22.6,-4.89,6.11,18.93,25.65,25.04
-1.221,11.6,22.6,-5.5,6.11,18.93,25.65,25.04
-0.61,11.6,22.6,-4.89,6.11,18.93,25.04,25.04
-1.221,11.6,21.99,-5.5,6.72,18.93,25.65,25.04
-0.61,10.99,21.99,-5.5,6.11,18.32,25.04,24.43
-0.61,11.6,23.82,-5.5,6.11,18.32,25.04,24.43
0.611,11.6,31.15,7.94,6.11,17.71,24.43,23.82
0,11.6,27.48,10.989,6.72,17.71,25.04,24.43
0,11.6,22.6,9.16,6.72,17.71,25.04,24.43
0,0,0,0,0,0,0,0