,0,1,2,3,4,5,6,7,8,9,10,11,12,13,14,15,16,17,18,19,20,21,22,23,24,25,26,27,28,29,30,31,32,33,34,35,36,37,38,39,40,41,42,43,44,45,46,47,48,49,50,51,52,53,54,55,56,57,58,59,60,61,62,63,64,65,66,67,68,69,70,71,72,73,74,75,76,77,78,79,80,81,82,83,84,85,86,87,88,89,90,91,92,93,94,95,96,97,98,99,100,101,102,103,104,105,106,107,108,109,110,111,112,113,114,115,116,117,118,119,120,121,122,123,124,125,126,127,128,129,130,131,132,133,134,135,136,137,138,139,140,141,142,143,144,145,146,147,148,149,150,151,152,153,154,155,156,157,158,159,160,161,162,163,164,165,166,167,168,169,170,171,172,173,174,175,176,177,178,179
0,0.10991,0.12210000000000001,0.1161,0.23199999999999998,0.0183,0.1527,-0.0489,-0.0611,0.06709999999999999,0.0672,0.024399999999999998,0.1344,-0.06709999999999999,0.1038,0.036699999999999997,0.036699999999999997,0.024399999999999998,0.0916,0.10991,0.06709999999999999,0.0366,-0.0060999999999999995,0.030529999999999998,-0.0183,-0.042800000000000005,0.0305,-0.0060799999999999995,-0.055,0.1527,0.04271,0.042699999999999995,-0.0794,-0.0060999999999999995,-0.054900000000000004,-0.024399999999999998,0.0060999999999999995,-0.012199999999999999,-0.024399999999999998,-0.09158999999999999,0.0060999999999999995,0.2137,0.061,0.0794,0.1771,0.042699999999999995,0.0366,0.1282,0.0733,-0.0305,-0.0183,-0.0305,-0.0060999999999999995,-0.024399999999999998,-0.012199999999999999,0.042699999999999995,0.048799999999999996,-0.0060999999999999995,-0.061,0.042699999999999995,0.0183,0.0672,0.06709999999999999,-0.0060999999999999995,0.12210000000000001,0.012199999999999999,0.042699999999999995,-0.0794,-0.1038,0.3603,0.5374,0.4031,0.5313,-0.0611,0.0855,-0.0733,0.0733,0.0184,-0.0855,0.0,-0.0855,-0.1343,-0.036699999999999997,-0.0245,-0.012199999999999999,0.0977,0.1038,0.0,0.024399999999999998,0.0855,0.1222,-0.0123,0.1527,0.1588,0.12210000000000001,0.12210000000000001,-0.0060999999999999995,0.0366,0.0,-0.0060999999999999995,-0.0060999999999999995,0.06709999999999999,0.0305,-0.0123,-0.1404,0.055,-0.0977,0.0,-0.042699999999999995,0.1405,-0.024399999999999998,0.2137,0.0794,0.054900000000000004,-0.0366,-0.0245,0.0060999999999999995,0.15259999999999999,0.1343,0.2748,0.12210000000000001,0.20149999999999998,0.287,0.3297,0.20149999999999998,0.20149999999999998,-0.0060999999999999995,-0.024399999999999998,-0.024399999999999998,-0.036699999999999997,-0.0060999999999999995,0.0916,0.07941,0.0733,0.0916,0.0916,0.036699999999999997,0.0733,0.11,0.036699999999999997,0.036699999999999997,0.0060999999999999995,0.1527,0.1099,-0.0732,-0.0611,-0.04279,0.0855,-0.08539999999999999,0.0916,-0.0183,0.012209999999999999,0.0733,0.0672,-0.061,-0.0916,-0.1343,-0.0305,0.012199999999999999,-0.1649,-0.0916,0.1343,0.1649,0.1465,0.0366,0.12210999999999998,0.012199999999999999,0.030600000000000002,0.054900000000000004,-0.036699999999999997,-0.0060999999999999995,0.0916,0.07941,0.0733,0.0916,0.0916,0.036699999999999997,0.06719,0.0611,-0.054900000000000004,1.0
1,0.12821,0.1343,0.1466,0.2564,0.036699999999999997,0.1954,-0.0366,-0.055,0.0793,0.0794,0.0305,0.171,-0.024399999999999998,0.1465,0.055,0.0489,0.024399999999999998,0.12210000000000001,0.12821,0.0793,0.042800000000000005,0.0060999999999999995,0.03664,0.0,-0.036699999999999997,0.055,0.0060999999999999995,-0.024399999999999998,0.1832,0.0732,0.06709999999999999,-0.055,0.0,-0.048799999999999996,-0.012199999999999999,0.042699999999999995,-0.0183,-0.024399999999999998,-0.07937999999999999,0.0183,0.2687,0.1404,0.0916,0.23199999999999998,0.0611,0.1038,0.1771,0.1466,-0.0183,-0.0060999999999999995,-0.012199999999999999,0.012199999999999999,0.042800000000000005,0.030600000000000002,0.0793,0.11599999999999999,0.024399999999999998,-0.0305,0.0855,0.061079999999999995,0.0916,0.0793,0.012199999999999999,0.1466,0.0183,0.06709999999999999,-0.061,-0.08539999999999999,0.3725,0.5557,0.4092,0.5374,-0.055,0.1038,-0.054900000000000004,0.0977,0.030600000000000002,-0.0855,0.0060999999999999995,-0.0672,-0.11599999999999999,0.012199999999999999,0.012199999999999999,0.0305,0.11599999999999999,0.1282,0.0060999999999999995,0.024399999999999998,0.0916,0.1405,-0.0062,0.1893,0.1954,0.1465,0.1465,0.0245,0.0794,0.030600000000000002,0.0245,0.0245,0.0977,0.048799999999999996,0.0060999999999999995,-0.12210000000000001,0.0489,-0.0732,0.0060999999999999995,-0.0183,0.1588,-0.0183,0.2626,0.1222,0.0733,-0.024399999999999998,-0.012199999999999999,0.024399999999999998,0.1832,0.1588,0.3237,0.15259999999999999,0.2198,0.3115,0.3419,0.2198,0.2198,-0.0060999999999999995,-0.024399999999999998,-0.024399999999999998,-0.036699999999999997,-0.0060999999999999995,0.1099,0.09771,0.0977,0.1099,0.1099,0.042800000000000005,0.0855,0.1283,0.042800000000000005,0.042800000000000005,0.042800000000000005,0.1832,0.1343,-0.0305,-0.0489,-0.01829,0.11599999999999999,-0.06709999999999999,0.11599999999999999,-0.0183,0.01832,0.0855,0.0733,-0.048799999999999996,-0.0916,-0.1343,-0.024399999999999998,0.0305,-0.1527,-0.0855,0.15259999999999999,0.20149999999999998,0.1954,0.0366,0.16491,0.0245,0.042800000000000005,0.0794,-0.036699999999999997,-0.0060999999999999995,0.1099,0.09771,0.0977,0.1099,0.1099,0.042800000000000005,0.09161,0.0855,-0.024399999999999998,1.0
2,0.14040999999999998,0.1343,0.1649,0.2687,0.0489,0.2076,-0.0366,-0.0489,0.0916,0.0855,0.042699999999999995,0.1832,-0.0060999999999999995,0.1771,0.0672,0.0611,0.036699999999999997,0.1282,0.14040999999999998,0.0916,0.0489,0.024399999999999998,0.04272,0.012199999999999999,-0.024399999999999998,0.0672,0.0183,-0.0183,0.20149999999999998,0.0794,0.0732,-0.042800000000000005,0.0060999999999999995,-0.042699999999999995,-0.012199999999999999,0.048799999999999996,-0.0183,-0.0305,-0.07937999999999999,0.0183,0.2992,0.1832,0.1099,0.2565,0.0733,0.1343,0.1954,0.1832,-0.0183,-0.0060999999999999995,-0.012199999999999999,0.024399999999999998,0.0794,0.055,0.1038,0.15259999999999999,0.042800000000000005,-0.012199999999999999,0.1038,0.09161,0.11,0.0916,0.0305,0.1527,0.0305,0.0794,-0.054900000000000004,-0.0793,0.3786,0.5557,0.4153,0.5496,-0.048799999999999996,0.11599999999999999,-0.042699999999999995,0.11,0.030600000000000002,-0.0794,0.012199999999999999,-0.055,-0.1038,0.0366,0.0305,0.0489,0.12210000000000001,0.1343,0.0060999999999999995,0.024399999999999998,0.0916,0.1527,-0.0062,0.2076,0.2137,0.1648,0.1648,0.036699999999999997,0.0916,0.0489,0.036699999999999997,0.036699999999999997,0.1282,0.054900000000000004,0.024399999999999998,-0.11599999999999999,0.055,-0.061,0.012199999999999999,-0.012199999999999999,0.1649,-0.0183,0.2809,0.1405,0.0916,-0.0183,0.0,0.0305,0.1954,0.1649,0.3481,0.15869999999999998,0.2198,0.3176,0.3542,0.2198,0.2198,-0.0060999999999999995,-0.0305,-0.024399999999999998,-0.030600000000000002,-0.0060999999999999995,0.12210000000000001,0.10380999999999999,0.1099,0.12210000000000001,0.12210000000000001,0.0489,0.0977,0.1344,0.0489,0.0489,0.055,0.20149999999999998,0.1465,-0.012199999999999999,-0.042800000000000005,-0.012209999999999999,0.1282,-0.06709999999999999,0.1282,-0.012199999999999999,0.024419999999999997,0.0916,0.0672,-0.0366,-0.0916,-0.1343,-0.024399999999999998,0.0366,-0.1466,-0.0855,0.1649,0.2198,0.2076,0.042800000000000005,0.18930999999999998,0.0245,0.0489,0.0977,-0.030600000000000002,-0.0060999999999999995,0.12210000000000001,0.10380999999999999,0.1099,0.12210000000000001,0.12210000000000001,0.0489,0.1038,0.1038,-0.0183,1.0
3,0.12210999999999998,0.1282,0.1344,0.2503,0.0305,0.171,-0.042800000000000005,-0.055,0.0732,0.0672,0.0305,0.1527,-0.042699999999999995,0.12210000000000001,0.042800000000000005,0.0489,0.024399999999999998,0.1038,0.12210999999999998,0.0732,0.042800000000000005,0.0060999999999999995,0.03664,-0.0060999999999999995,-0.036699999999999997,0.042699999999999995,0.0,-0.042699999999999995,0.171,0.054900000000000004,0.054900000000000004,-0.0672,-0.0060999999999999995,-0.048799999999999996,-0.0183,0.024399999999999998,-0.0183,-0.0305,-0.09158999999999999,0.012199999999999999,0.2443,0.0977,0.0855,0.20149999999999998,0.054900000000000004,0.0672,0.1527,0.1039,-0.024399999999999998,-0.0183,-0.024399999999999998,0.0,0.0062,0.0062,0.054900000000000004,0.0732,0.0060999999999999995,-0.042699999999999995,0.0611,0.042800000000000005,0.0794,0.0732,0.0060999999999999995,0.1343,0.0183,0.061,-0.0672,-0.1038,0.3664,0.5435,0.4031,0.5374,-0.055,0.0977,-0.061,0.0855,0.030600000000000002,-0.0855,0.0060999999999999995,-0.0733,-0.12210000000000001,-0.0123,-0.0123,0.012199999999999999,0.1038,0.1099,0.0060999999999999995,0.0183,0.0855,0.1283,-0.0062,0.1649,0.1771,0.1343,0.1343,0.0062,0.061,0.012199999999999999,0.0062,0.0062,0.0793,0.0366,-0.0060999999999999995,-0.1282,0.0489,-0.0855,0.0,-0.0305,0.1527,-0.024399999999999998,0.2443,0.1039,0.0672,-0.0305,-0.012199999999999999,0.012199999999999999,0.15869999999999998,0.1465,0.3054,0.1343,0.2137,0.2993,0.3419,0.2137,0.2137,0.0,-0.024399999999999998,-0.0305,-0.036699999999999997,0.0,0.0977,0.07941,0.0855,0.0977,0.0977,0.042800000000000005,0.0794,0.1222,0.042800000000000005,0.042800000000000005,0.0245,0.1649,0.12210000000000001,-0.054900000000000004,-0.055,-0.03049,0.0977,-0.0793,0.1038,-0.0183,0.01832,0.0794,0.0672,-0.061,-0.0977,-0.1282,-0.0305,0.0183,-0.1527,-0.0916,0.1404,0.1832,0.1771,0.0305,0.14651,0.0245,0.036699999999999997,0.0733,-0.036699999999999997,0.0,0.0977,0.07941,0.0855,0.0977,0.0977,0.042800000000000005,0.0794,0.0733,-0.042699999999999995,1.0
4,0.0,0.0,0.0,0.0,0.0,0.0,0.0,0.0,0.0,0.0,0.0,0.0,0.0,0.0,0.0,0.0,0.0,0.0,0.0,0.0,0.0,0.0,0.0,0.0,0.0,0.0,0.0,0.0,0.0,0.0,0.0,0.0,0.0,0.0,0.0,0.0,0.0,0.0,0.0,0.0,0.0,0.0,0.0,0.0,0.0,0.0,0.0,0.0,0.0,0.0,0.0,0.0,0.0,0.0,0.0,0.0,0.0,0.0,0.0,0.0,0.0,0.0,0.0,0.0,0.0,0.0,0.0,0.0,0.0,0.0,0.0,0.0,0.0,0.0,0.0,0.0,0.0,0.0,0.0,0.0,0.0,0.0,0.0,0.0,0.0,0.0,0.0,0.0,0.0,0.0,0.0,0.0,0.0,0.0,0.0,0.0,0.0,0.0,0.0,0.0,0.0,0.0,0.0,0.0,0.0,0.0,0.0,0.0,0.0,0.0,0.0,0.0,0.0,0.0,0.0,0.0,0.0,0.0,0.0,0.0,0.0,0.0,0.0,0.0,0.0,0.0,0.0,0.0,0.0,0.0,0.0,0.0,0.0,0.0,0.0,0.0,0.0,0.0,0.0,0.0,0.0,0.0,0.0,0.0,0.0,0.0,0.0,0.0,0.0,0.0,0.0,0.0,0.0,0.0,0.0,0.0,0.0,0.0,0.0,0.0,0.0,0.0,0.0,0.0,0.0,0.0,0.0,0.0,0.0,0.0,0.0,0.0,0.0,0.0,0.0,0.0,0.0,0.0,0.0,1.0
5,-0.0060999999999999995,0.0,-0.0305,-0.0183,0.0060999999999999995,0.0,0.0,0.0,0.0,0.0123,0.0,0.0060999999999999995,0.012199999999999999,0.0,-0.0060999999999999995,-0.0060999999999999995,0.0,-0.0123,-0.0060999999999999995,0.0,0.0855,-0.012199999999999999,0.0,0.036699999999999997,-0.012199999999999999,-0.024399999999999998,-0.0060799999999999995,-0.024399999999999998,0.0,-0.042800000000000005,0.0,0.0060999999999999995,0.0060999999999999995,-0.0183,-0.012199999999999999,-0.0060999999999999995,0.0060999999999999995,0.0060999999999999995,-0.024399999999999998,-0.012199999999999999,0.0,-0.0183,-0.012199999999999999,-0.024399999999999998,-0.0060999999999999995,-0.0183,-0.012199999999999999,-0.0183,0.0060999999999999995,-0.012199999999999999,-0.0060999999999999995,0.0,-0.0305,-0.024399999999999998,0.0060999999999999995,-0.0062,-0.0183,-0.0305,-0.024399999999999998,-0.012199999999999999,-0.012199999999999999,0.0060999999999999995,-0.012199999999999999,-0.012199999999999999,-0.0184,-0.0183,-0.012199999999999999,-0.0305,0.0,0.012199999999999999,0.0060999999999999995,0.0,-0.012199999999999999,0.0060999999999999995,-0.012199999999999999,-0.0060999999999999995,-0.0060999999999999995,-0.012199999999999999,-0.0060999999999999995,-0.0060999999999999995,0.0,-0.0184,0.012199999999999999,-0.012199999999999999,-0.0060999999999999995,0.012199999999999999,0.0,0.0,0.0,0.0,0.0,-0.0060999999999999995,0.0,0.0,0.0,-0.0060999999999999995,0.0,-0.0060999999999999995,-0.0060999999999999995,-0.0060999999999999995,-0.0123,0.0,-0.0123,-0.042699999999999995,-0.0060999999999999995,-0.0366,-0.0060999999999999995,-0.0366,0.0060999999999999995,-0.0060999999999999995,-0.024399999999999998,-0.024399999999999998,-0.012199999999999999,-0.012199999999999999,-0.030600000000000002,-0.030600000000000002,-0.012199999999999999,0.0,-0.024399999999999998,-0.012199999999999999,0.0,-0.012199999999999999,-0.0060999999999999995,0.0,0.0,0.0,0.0,0.0,-0.0060999999999999995,0.0,0.0,0.00611,0.00611,0.0,0.0,-0.0060999999999999995,-0.0060999999999999995,-0.0060999999999999995,-0.0060999999999999995,-0.0060999999999999995,0.0,-0.042800000000000005,-0.0060999999999999995,-0.048799999999999996,0.0,0.0,-0.0060999999999999995,0.0,-0.024399999999999998,-0.0060999999999999995,0.0,0.0060999999999999995,0.0060999999999999995,-0.024399999999999998,-0.012199999999999999,-0.0305,-0.012199999999999999,0.0,-0.0183,-0.012199999999999999,0.0,-0.012199999999999999,-0.0060999999999999995,-0.012199999999999999,0.0,0.0,0.0,0.0,-0.0060999999999999995,0.0,0.0,0.00611,0.00611,0.0,0.0,-0.0060999999999999995,0.012199999999999999,-0.0060999999999999995,-0.0060999999999999995,1.0
6,-0.0060999999999999995,0.0,-0.06709999999999999,-0.030600000000000002,0.0183,0.0672,0.0,0.0,0.0,0.0062,0.0060999999999999995,0.0,0.0060999999999999995,0.0,0.0,0.0123,0.0,-0.0184,-0.0060999999999999995,0.0,0.0977,-0.0305,0.0,0.0245,-0.024399999999999998,-0.055,-0.024399999999999998,-0.048799999999999996,0.0,-0.0916,-0.0245,-0.036699999999999997,-0.0060999999999999995,-0.0305,-0.0305,-0.0245,0.012199999999999999,0.0,-0.048799999999999996,-0.0305,-0.0183,-0.0489,-0.0183,-0.0672,-0.024399999999999998,-0.042800000000000005,-0.024399999999999998,-0.0366,0.0060999999999999995,0.0,0.0,0.0,-0.0793,-0.048799999999999996,0.0,-0.0184,-0.042699999999999995,-0.06709999999999999,-0.055,-0.0305,-0.042699999999999995,0.0,-0.036699999999999997,-0.0183,-0.0245,-0.030600000000000002,-0.0305,-0.06709999999999999,-0.012199999999999999,0.0060999999999999995,0.0060999999999999995,-0.0060999999999999995,-0.0183,0.0183,-0.024399999999999998,-0.0060999999999999995,-0.024399999999999998,-0.0305,-0.0183,-0.036699999999999997,-0.024399999999999998,-0.042800000000000005,0.0,-0.0305,-0.0245,0.012199999999999999,0.0060999999999999995,0.0,0.0183,0.0245,-0.0062,0.0,-0.0060999999999999995,0.0,0.0,-0.012199999999999999,-0.012199999999999999,-0.0183,-0.012199999999999999,-0.012199999999999999,-0.0245,-0.0183,-0.036699999999999997,-0.0916,-0.0060999999999999995,-0.0794,-0.024399999999999998,-0.054900000000000004,0.012199999999999999,-0.0060999999999999995,-0.0366,-0.042699999999999995,-0.0305,-0.0305,-0.0611,-0.055,-0.0245,0.0,-0.042699999999999995,-0.030600000000000002,-0.0060999999999999995,-0.024399999999999998,-0.0183,-0.0060999999999999995,-0.0060999999999999995,-0.0060999999999999995,0.0,0.0060999999999999995,-0.0060999999999999995,-0.0060999999999999995,0.0060999999999999995,0.00611,0.00611,0.0060999999999999995,0.0060999999999999995,-0.024399999999999998,-0.0183,-0.012199999999999999,-0.024399999999999998,-0.024399999999999998,-0.0183,-0.0855,-0.024399999999999998,-0.0977,0.0060999999999999995,-0.0060999999999999995,0.0,-0.0060999999999999995,-0.0611,-0.024380000000000002,0.0,0.0060999999999999995,0.012199999999999999,-0.0366,-0.0183,-0.054900000000000004,-0.024399999999999998,-0.0060999999999999995,-0.036699999999999997,-0.0366,0.0366,0.042699999999999995,0.042699999999999995,0.0,0.01222,-0.0060999999999999995,0.0,0.0,-0.0060999999999999995,-0.0060999999999999995,0.0060999999999999995,0.00611,0.00611,0.0060999999999999995,0.0060999999999999995,-0.024399999999999998,0.0060999999999999995,-0.0305,-0.0060999999999999995,1.0
7,0.0012211,0.002076,0.005618,0.002137,0.003053,0.004763,0.005801,0.004397,0.004946,0.004764,0.002076,0.0035421,0.004336,0.001893,0.002443,0.005252,0.003053,0.004091,0.0012211,0.004946,0.0033589999999999996,0.004274,0.0038469999999999997,0.001771,-0.00232,-0.0029310000000000004,-0.001527,-0.0033589999999999996,-0.00403,-0.004397,-0.000916,-0.002809,-0.002381,-0.0050680000000000005,-0.006656,-0.005435,-0.001832,-0.004763,-0.0033589999999999996,-0.003175,-0.005618,-0.0062900000000000005,-0.007206000000000001,-0.010015000000000001,-0.004274,-0.0017100000000000001,-0.0036030000000000003,-0.006777999999999999,-0.00861,-0.005191,-0.005679,-0.007572,-0.00745,-0.010381,-0.006167000000000001,-0.0039689999999999994,-0.008488,-0.004885,-0.005374,-0.0052510000000000005,-0.00403,-0.0036030000000000003,-0.004458,-0.000733,-0.0039689999999999994,-0.003481,-0.004274,-0.000428,-0.001588,-0.004274,-0.001709,-0.0014039999999999999,-0.002381,-0.0050680000000000005,-0.006656,-0.005435,-0.001832,-0.004763,-0.0033589999999999996,-0.003175,-0.008365000000000001,-0.0055569999999999994,-0.004275,-0.004397,-0.005374,-0.003725,-0.007756,-0.008549,-0.00635,-0.007816,-0.006167000000000001,-0.006595,-0.007937999999999999,-0.0045190000000000004,-0.004458,-0.006106,-0.004336,-0.007937999999999999,-0.005923,-0.0055569999999999994,-0.0050680000000000005,-0.000427,-0.004152,-0.005618,-0.005313,-0.00024400000000000002,-0.003237,-0.001588,-0.005435,-0.006046,-0.005252,-0.005374,-0.0055569999999999994,-0.005191,-0.00635,-0.0038469999999999997,-0.003725,-0.003664,0.001587,-0.00024400000000000002,-0.009954,-0.006228,-0.009221,-0.006046,-0.008427,-0.009832,-0.008122,-0.007328,-0.0070220000000000005,-0.009404000000000001,-0.006961,-0.007144,-0.007023000000000001,-0.006168,-0.008244,-0.008915,-0.008977,-0.008915,-0.006961,-0.006045,-0.003053,-0.004641,-0.0025640000000000003,-0.003175,-0.005801,-0.0029310000000000004,-0.00012179999999999999,-0.008182,-0.003358,-0.004763,-0.005313,-0.003114,-0.005007,-0.0039689999999999994,-0.002687,-0.00226,-0.004458,-0.00458,-0.00403,-0.006167000000000001,-0.001527,-0.002686,-0.0029310000000000004,-0.00116,-0.0038469999999999997,-0.004457,-0.005129,0.0015260000000000002,0.000977,-0.004274,-0.002625,-0.003481,-0.001221,-0.0014039999999999999,-0.00458,-0.005985000000000001,-0.003725,-0.003053,-0.001527,0.0
8,0.00024430000000000003,0.0012820000000000002,0.0047020000000000005,0.000916,0.001527,0.0039689999999999994,0.005129,0.003908,0.003725,0.003725,0.0014039999999999999,0.002382,0.002687,0.000366,0.001466,0.0041530000000000004,0.002626,0.003114,0.00024430000000000003,0.003725,0.002932,0.004152,0.003053,0.001527,-0.003114,-0.00403,-0.002626,-0.004641,-0.00458,-0.005008,-0.001527,-0.003237,-0.003053,-0.006534,-0.007633,-0.0062900000000000005,-0.002137,-0.005129,-0.0036030000000000003,-0.0034189999999999997,-0.006351,-0.006656,-0.007878,-0.010686,-0.005007,-0.001893,-0.0041530000000000004,-0.00745,-0.008732,-0.005618,-0.005801,-0.00745,-0.00745,-0.010564,-0.006289,-0.004335,-0.009038000000000001,-0.005495,-0.005862000000000001,-0.006167000000000001,-0.004824,-0.005008,-0.005069000000000001,-0.002199,-0.004641,-0.004824999999999999,-0.004763,-0.001893,-0.002748,-0.0050680000000000005,-0.00232,-0.002565,-0.003053,-0.006534,-0.007633,-0.0062900000000000005,-0.002137,-0.005129,-0.0036030000000000003,-0.0034189999999999997,-0.008304,-0.005985000000000001,-0.005069000000000001,-0.004763,-0.005618,-0.0038469999999999997,-0.007878,-0.008671,-0.006839,-0.00806,-0.0072050000000000005,-0.006656,-0.008304,-0.004763,-0.004824,-0.006717,-0.004946,-0.008549,-0.006351,-0.005679,-0.005129,-0.000733,-0.00458,-0.006777999999999999,-0.005435,0.00036700000000000003,-0.0033589999999999996,-0.002137,-0.005435,-0.0061070000000000004,-0.0055569999999999994,-0.005984000000000001,-0.006106,-0.005618,-0.007144,-0.005129,-0.004396,-0.004213,0.0012820000000000002,-0.000794,-0.010198,-0.00635,-0.009588,-0.006229,-0.008853999999999999,-0.009954,-0.008488,-0.008,-0.007511,-0.00971,-0.007877,-0.007633,-0.007511,-0.0062900000000000005,-0.008672,-0.009587,-0.009649,-0.009159,-0.007145,-0.007511,-0.0034189999999999997,-0.005984000000000001,-0.0029920000000000003,-0.003725,-0.005801,-0.002687,-0.00012179999999999999,-0.008366,-0.003725,-0.005007,-0.005679,-0.0035410000000000003,-0.005374,-0.004397,-0.003358,-0.002565,-0.004886,-0.005069000000000001,-0.004152,-0.007083000000000001,-0.0016489999999999999,-0.0029310000000000004,-0.0029310000000000004,-0.001587,-0.003908,-0.0047020000000000005,-0.0050680000000000005,0.001038,0.000428,-0.004152,-0.0028699999999999997,-0.0033589999999999996,-0.0020150000000000003,-0.0038469999999999997,-0.004274,-0.006046,-0.004091,-0.0034799999999999996,-0.0021379999999999997,0.0
9,0.0014651,0.002442,0.005069000000000001,0.004641,0.003664,0.006168,0.0052510000000000005,0.004213,0.004274,0.003848,0.0036030000000000003,0.006229,0.006534,0.004091,0.0036030000000000003,0.005008,0.003114,0.0029920000000000003,0.0014651,0.004274,0.0036030000000000003,0.003786,0.00403,0.002809,-0.002381,-0.002626,-0.001099,-0.002748,-0.0038469999999999997,-0.004458,-0.001161,-0.001893,-0.001954,-0.0039689999999999994,-0.006229,-0.004885,-0.001954,-0.004763,-0.003115,-0.00232,-0.003542,-0.005618,-0.006046,-0.007816,-0.002076,-0.001344,-0.001893,-0.0050680000000000005,-0.006656,-0.002382,-0.006046,-0.008366,-0.006167000000000001,-0.009892,-0.004457,-0.002687,-0.007084,-0.004946,-0.0045190000000000004,-0.004091,-0.003724,-0.004031,-0.004336,-0.001099,-0.0035410000000000003,-0.0038469999999999997,-0.004152,-0.000794,-0.0012820000000000002,-0.004152,-0.002137,-0.001954,-0.001954,-0.0039689999999999994,-0.006229,-0.004885,-0.001954,-0.004763,-0.003115,-0.00232,-0.007755,-0.004458,-0.0036030000000000003,-0.0033589999999999996,-0.005008,-0.003786,-0.007145,-0.007144,-0.00635,-0.005984000000000001,-0.005495,-0.006411,-0.006839,-0.0028699999999999997,-0.003908,-0.006045,-0.0041530000000000004,-0.007572,-0.004641,-0.0047020000000000005,-0.005435,-0.000366,-0.005313,-0.007144,-0.005069000000000001,-0.0014039999999999999,-0.0032979999999999997,-0.001038,-0.005862000000000001,-0.005435,-0.005313,-0.005618,-0.006106,-0.005069000000000001,-0.005984000000000001,-0.004152,-0.0045179999999999994,-0.003664,0.00116,-0.001038,-0.009282,-0.006534,-0.007817,-0.0055569999999999994,-0.00861,-0.00916,-0.007389,-0.006961,-0.005923,-0.008427,-0.006656,-0.006289,-0.006595,-0.006168,-0.008183000000000001,-0.006656,-0.008305,-0.007877,-0.005862000000000001,-0.006595,-0.003114,-0.0055569999999999994,-0.002625,-0.0034189999999999997,-0.0057399999999999994,-0.002381,-0.00012179999999999999,-0.0057399999999999994,-0.002625,-0.004396,-0.004946,-0.002442,-0.00403,-0.004275,-0.002503,-0.002076,-0.003909,-0.003054,-0.0039689999999999994,-0.006839,-0.000489,-0.001771,-0.002687,0.0,-0.002748,-0.003236,-0.0045179999999999994,0.002748,0.000916,-0.002748,-0.001343,-0.002626,-0.0020150000000000003,-0.001771,-0.003786,-0.004886,-0.003053,-0.001954,-0.0008550000000000001,0.0
10,0.0029311,0.003053,0.003664,0.0045190000000000004,0.007267,0.004824,0.005679,0.005313,0.005373,0.006473,0.004213,0.006351,0.006412,0.0057399999999999994,0.0055569999999999994,0.005802000000000001,0.005618,0.004824,0.0029311,0.005373,0.004336,0.004213,0.005679,0.003542,-0.001588,-0.001465,0.000305,-0.001832,-0.003908,-0.0041530000000000004,-0.000672,-0.0022589999999999997,-0.001587,-0.003175,-0.005862000000000001,-0.004397,-0.001893,-0.0047020000000000005,-0.0033589999999999996,-0.003175,-0.002198,-0.005008,-0.005679,-0.005313,-0.000183,-0.00036700000000000003,-0.000733,-0.002137,-0.005679,-0.001222,-0.004458,-0.007572,-0.006289,-0.008549,-0.00403,-0.002198,-0.0059240000000000004,-0.005129,-0.003236,-0.003786,-0.003114,-0.002199,-0.004214,-0.000183,-0.0029920000000000003,-0.002016,-0.0039689999999999994,0.0,0.000366,-0.0028699999999999997,-0.0014039999999999999,-0.00024400000000000002,-0.001587,-0.003175,-0.005862000000000001,-0.004397,-0.001893,-0.0047020000000000005,-0.0033589999999999996,-0.003175,-0.00806,-0.004092,-0.002687,-0.0028699999999999997,-0.0036030000000000003,-0.003908,-0.0067789999999999994,-0.006656,-0.0055569999999999994,-0.0052510000000000005,-0.005373,-0.006106,-0.007327,-0.0021379999999999997,-0.002748,-0.0047020000000000005,-0.0029310000000000004,-0.006228,-0.0038469999999999997,-0.0045190000000000004,-0.006106,-0.00048800000000000004,-0.004946,-0.006289,-0.004824,-0.000977,-0.0034200000000000003,-0.001038,-0.006412,-0.005252,-0.0061070000000000004,-0.005618,-0.004946,-0.004641,-0.004457,-0.002381,-0.0045179999999999994,-0.003786,0.00048800000000000004,-0.000305,-0.009221,-0.006656,-0.007573,-0.0057399999999999994,-0.009159,-0.009588,-0.007633,-0.007511,-0.005984000000000001,-0.009282,-0.005862000000000001,-0.006839,-0.007023000000000001,-0.006839,-0.00861,-0.005862000000000001,-0.006840000000000001,-0.008121,-0.006168,-0.0052510000000000005,-0.0034189999999999997,-0.003542,-0.002442,-0.003481,-0.004885,-0.001893,-0.00012179999999999999,-0.004213,-0.001954,-0.004091,-0.0039689999999999994,-0.0015260000000000002,-0.003175,-0.003053,-0.002748,-0.001099,-0.004764,-0.002748,-0.004579,-0.005434,0.000611,-0.0014039999999999999,-0.000977,0.000794,-0.002443,-0.003053,-0.0039689999999999994,0.002626,0.001588,-0.0028699999999999997,-0.001343,-0.002626,-0.0014050000000000002,-0.000977,-0.0034799999999999996,-0.004031,-0.001954,-0.001648,0.000549,0.0
11,0.0023810999999999997,0.002137,0.002504,0.0034189999999999997,0.003908,0.003237,0.000183,0.000611,0.003114,0.003542,0.001343,0.0041530000000000004,0.001893,0.004396,0.002504,0.002443,0.002076,0.002625,0.0023810999999999997,0.003114,0.002504,0.00116,0.002809,0.002198,0.00055,0.001954,0.001344,0.001648,0.000733,0.001587,0.0015260000000000002,0.001221,0.000977,0.001466,0.001344,0.0022589999999999997,0.001099,0.000733,0.000977,0.001771,0.004152,0.003175,0.001465,0.0022589999999999997,0.001466,0.003358,0.001099,0.0025649,0.001221,0.0039689999999999994,0.0031141999999999997,0.00036700000000000003,0.000977,0.001832,0.002382,0.0033589999999999996,0.0008550000000000001,0.0017100000000000001,0.001832,0.002321,0.00226,0.003542,0.0022589999999999997,0.003786,0.002321,0.0035410000000000003,0.002382,0.0039689999999999994,0.00403,0.002809,0.003176,0.0039689999999999994,0.000977,0.001466,0.001344,0.0022589999999999997,0.001099,0.000733,0.000977,0.001771,0.000306,0.001648,0.002687,0.001587,0.0034799999999999996,0.002748,0.0020149,0.001832,0.00012200000000000001,0.0007942,0.001283,0.001344,0.0008550000000000001,0.003664,0.002626,0.0028699999999999997,0.001588,0.001038,0.001527,0.001344,-6.1000000000000005e-05,0.001099,0.000305,6.1000000000000005e-05,0.00012200000000000001,0.000489,0.0,0.00232,0.0,0.000549,0.000732,0.000672,0.002199,0.0025640000000000003,0.002932,0.0036030000000000003,0.001771,0.00226,0.002198,0.002198,0.001771,0.003481,0.001221,0.0017100000000000001,0.000184,0.0008550000000000001,0.000733,0.000427,0.001466,0.00024400000000000002,0.001343,0.001283,0.000794,0.001038,-0.000916,0.002321,0.0020758,0.000978,-0.00012200000000000001,0.002565,0.002565,0.0034200000000000003,0.0039700000000000004,0.001771,0.0036030000000000003,0.003175,-0.00012179999999999999,0.001527,0.003664,0.001344,0.0017100000000000001,0.002993,0.001771,0.003725,0.002504,0.004091,-6.2e-05,0.00048800000000000004,0.000245,0.000245,0.00055,0.001588,0.001465,0.002565,0.001466,0.001832,0.002077,0.0029920000000000003,0.000306,0.001099,0.002016,0.001466,0.001527,0.000916,0.0021379999999999997,0.000916,0.0008550000000000001,0.001588,0.001648,0.0
12,-0.0003049,0.001099,0.002993,-0.00036700000000000003,0.000489,0.0025039,0.003053,0.002687,0.001832,0.001222,0.000794,0.000428,0.000245,-0.000489,0.000611,0.000611,0.00055,0.0029310000000000004,-0.0003049,0.001832,0.002687,0.00403,0.002198,0.0012820000000000002,-0.003786,-0.004397,-0.002809,-0.005252,-0.005069000000000001,-0.005252,-0.002077,-0.0036030000000000003,-0.0034799999999999996,-0.007206000000000001,-0.008244,-0.007206000000000001,-0.002382,-0.005801,-0.004031,-0.0038469999999999997,-0.006412,-0.007084,-0.007939,-0.010137,-0.004763,-0.002016,-0.003664,-0.007389,-0.007939,-0.0059240000000000004,-0.005374,-0.007511,-0.007755,-0.011236,-0.006656,-0.0047020000000000005,-0.009221,-0.005679,-0.006106,-0.006839,-0.005129,-0.005069000000000001,-0.005374,-0.003053,-0.004946,-0.004947,-0.00519,-0.002809,-0.003175,-0.005312,-0.002686,-0.003175,-0.0034799999999999996,-0.007206000000000001,-0.008244,-0.007206000000000001,-0.002382,-0.005801,-0.004031,-0.0038469999999999997,-0.008488,-0.006229,-0.004947,-0.005191,-0.005801,-0.00403,-0.008305,-0.008488,-0.0072050000000000005,-0.007999000000000001,-0.0073880000000000005,-0.007266,-0.008853999999999999,-0.005069000000000001,-0.00519,-0.007144,-0.005313,-0.008793,-0.006717,-0.005801,-0.006595,-0.0012820000000000002,-0.006656,-0.00806,-0.006595,-0.000732,-0.0034200000000000003,-0.002565,-0.005496,-0.006351,-0.006046,-0.006595,-0.006045,-0.0062900000000000005,-0.007266,-0.0052510000000000005,-0.0052510000000000005,-0.0047020000000000005,0.000854,-0.001466,-0.010320000000000001,-0.007144,-0.009832,-0.006777999999999999,-0.009465,-0.010320000000000001,-0.00861,-0.009099000000000001,-0.007877,-0.010259,-0.007999000000000001,-0.008304,-0.007511,-0.006656,-0.009221,-0.009526,-0.009892999999999999,-0.009404000000000001,-0.007633,-0.008671,-0.003786,-0.006961,-0.003053,-0.001343,-0.006045,-0.003175,-0.00012179999999999999,-0.007877,-0.004152,-0.0052510000000000005,-0.006106,-0.003786,-0.005496,-0.005129,-0.003908,-0.002748,-0.0055569999999999994,-0.0061070000000000004,-0.0045179999999999994,-0.008549,-0.001954,-0.0034799999999999996,-0.0036030000000000003,-0.001893,-0.004152,-0.004885,-0.005129,0.00012200000000000001,-0.000427,-0.004335,-0.003297,-0.0034200000000000003,-0.003237,-0.00403,-0.003908,-0.0057410000000000004,-0.004274,-0.004091,-0.0029310000000000004,0.0
13,0.0013430999999999998,0.0022589999999999997,0.005618,0.004152,0.001893,0.005801,0.002626,0.00232,0.0047020000000000005,0.003848,0.0028699999999999997,0.005985000000000001,0.004214,0.0028699999999999997,0.0016489999999999999,0.0047020000000000005,0.002199,0.002442,0.0013430999999999998,0.0047020000000000005,0.001894,0.0017100000000000001,0.0020150000000000003,0.001832,-0.000366,-0.00048800000000000004,-0.001038,-0.001344,0.000794,0.00024400000000000002,0.00116,0.0008550000000000001,0.0016489999999999999,0.000672,0.00036700000000000003,0.0015260000000000002,0.001893,0.00116,0.001343,0.002443,0.001527,0.001099,0.0012820000000000002,0.001343,0.00055,0.003053,0.0012820000000000002,0.004092,0.000427,0.0022589999999999997,0.001465,0.000489,0.001344,0.00226,0.003054,0.002382,0.000366,0.001832,0.0009771,0.001099,0.0011,0.000977,0.00048800000000000004,0.002442,0.001283,0.00116,0.000733,0.002625,0.000733,0.000977,0.000428,0.0028699999999999997,0.0016489999999999999,0.000672,0.00036700000000000003,0.0015260000000000002,0.001893,0.00116,0.001343,0.002443,0.001161,0.001771,0.00232,0.002625,0.001099,0.001038,0.0014039999999999999,0.001099,0.000672,0.0008550000000000001,0.001954,0.0017100000000000001,0.001588,0.0032971,0.000977,0.0034200000000000003,0.002137,0.000672,0.000916,0.0009161,0.0012820000000000002,0.003908,0.002443,0.001344,0.000427,0.000672,0.000305,0.001588,0.001344,0.000794,0.00061,0.0017100000000000001,0.000794,-0.000184,0.0016489999999999999,0.000733,0.000672,0.000184,0.001893,0.000916,0.001954,0.0021379999999999997,0.00116,0.002137,0.001161,0.000977,0.00116,0.002504,0.0014039999999999999,0.001587,0.002137,0.002382,0.0014039999999999999,0.0020150000000000003,0.001221,0.001222,0.000427,0.000916,0.00048800000000000004,0.001221,0.001466,0.0008550000000000001,0.001771,0.001832,0.002076,0.0012820000000000002,-6.1000000000000005e-05,0.001283,0.001588,0.001099,0.000183,0.000672,0.001038,0.002382,0.002748,0.001221,6.1000000000000005e-05,0.001648,0.001893,0.0016489999999999999,0.001588,0.002016,0.0012820000000000002,0.002687,0.002076,0.0017100000000000001,0.001344,0.0036030000000000003,0.004886,0.001588,0.002565,0.003236,0.002626,0.002565,0.0025039,0.000671,0.0017100000000000001,0.001832,0.0012820000000000002,0.0
14,-6.1000000000000005e-05,0.000732,0.001771,-0.000733,0.00024400000000000002,0.001466,0.001221,0.001466,0.000977,0.000489,0.000427,-0.00024400000000000002,0.000489,-0.00055,0.000428,0.000428,0.00024400000000000002,0.001343,-6.1000000000000005e-05,0.000977,0.000184,0.0012820000000000002,0.000305,0.000305,-0.001221,-0.002381,-0.001954,-0.002199,-0.001588,-0.001588,-0.000489,-0.00055,-0.000183,-0.002504,-0.002137,-0.001893,-0.00055,-0.001221,-0.00024400000000000002,-0.000549,-0.000733,-0.000306,-0.000183,-0.000611,-0.00048800000000000004,-0.00055,0.000305,0.000306,-0.00036700000000000003,-0.00116,-0.000183,-6.1000000000000005e-05,0.000245,-0.00048800000000000004,-0.000793,-0.001038,-0.000428,-0.000305,-6.1000000000000005e-05,-0.00012200000000000001,-0.000183,-0.00012200000000000001,-0.001344,0.001221,-6.1000000000000005e-05,-6.1000000000000005e-05,-0.001099,0.0014039999999999999,0.0,-0.00061,0.000123,0.001099,-0.000183,-0.002504,-0.002137,-0.001893,-0.00055,-0.001221,-0.00024400000000000002,-0.000549,-0.000549,-0.000611,0.00012200000000000001,0.000366,-0.000306,-0.00012200000000000001,0.0,-0.00012200000000000001,0.000489,-0.00048800000000000004,-0.000549,0.0,-0.000366,-0.000184,-0.000183,-0.000305,0.00048800000000000004,-0.00036610000000000006,-0.001221,-0.000611,0.0,0.003542,-0.000366,6.1000000000000005e-05,-0.00055,-0.000671,0.00012200000000000001,0.0,0.000672,0.001099,-0.000428,0.000794,-0.000732,-0.0014050000000000002,-0.000977,-0.000733,-0.000366,-0.001221,0.001648,-0.000183,0.0,-0.000305,-0.000123,-6.1000000000000005e-05,0.000123,0.000305,0.00055,0.000489,0.000611,0.00048800000000000004,0.0012820000000000002,0.00055,0.000733,0.00116,0.00048800000000000004,-0.00061,-0.000184,-0.000305,6.1000000000000005e-05,-0.00012200000000000001,-0.00024400000000000002,-0.000733,-0.00048800000000000004,0.001832,0.00012200000000000001,0.00012200000000000001,-6.1000000000000005e-05,0.00012200000000000001,0.000123,-0.000427,-0.00116,0.000428,-0.000916,0.000428,0.000184,0.000671,-0.001283,0.00012200000000000001,0.0008550000000000001,0.0,0.000305,0.0,-0.000183,-0.000672,-0.00012200000000000001,-0.00012200000000000001,0.0,0.000366,0.002504,0.00055,-0.000549,-6.1000000000000005e-05,-0.0008550000000000001,0.000428,6.1000000000000005e-05,-0.000245,-6.1000000000000005e-05,6.1000000000000005e-05,-0.000184,0.0
15,0.0013430999999999998,0.001771,0.005313,0.001832,0.003114,0.004275,0.004641,0.003786,0.00464,0.0041530000000000004,0.002137,0.003115,0.005191,0.002381,0.002199,0.004824999999999999,0.002687,0.0020150000000000003,0.0013430999999999998,0.00464,0.002809,0.001527,0.002504,0.001527,0.001038,0.000305,-0.000183,-0.00036700000000000003,6.1000000000000005e-05,-0.00012200000000000001,0.001648,0.000183,0.001466,-0.00024400000000000002,-0.00048800000000000004,0.000549,0.001466,0.001344,0.00232,0.002748,0.000916,0.000549,0.000305,0.000489,-0.00024400000000000002,0.00061,0.000549,0.0026871,-0.0006108,0.00012200000000000001,-0.000428,-0.000366,0.0007331,0.000611,0.0003058,0.000306,-0.000306,0.0008550000000000001,0.000305,0.000733,0.0008550000000000001,0.002137,0.000427,0.003664,0.001038,0.00232,0.000611,0.003908,0.001954,0.000977,0.0014050000000000002,0.00226,0.001466,-0.00024400000000000002,-0.00048800000000000004,0.000549,0.001466,0.001344,0.00232,0.002748,0.000794,0.001038,0.000732,0.000977,6.1000000000000005e-05,0.00024400000000000002,0.000672,-0.000305,0.0008550000000000001,6.1000000000000005e-05,0.00055,0.001344,0.0007331,0.001343,0.000672,0.001039,0.0016489999999999999,6.1000000000000005e-05,-0.000183,-0.00012200000000000001,0.002137,0.004763,0.002382,0.0034200000000000003,0.000977,-6.1000000000000005e-05,0.00024400000000000002,0.0012820000000000002,0.0008550000000000001,0.001465,6.1000000000000005e-05,0.001771,0.000733,-6.1000000000000005e-05,0.000184,0.0017100000000000001,0.002382,0.001344,0.00403,0.001893,0.001038,0.002443,0.000305,0.0016489999999999999,0.001222,0.000977,0.00116,0.0017100000000000001,0.001099,0.001648,0.0014050000000000002,0.001466,0.000916,0.0015260000000000002,0.001343,0.000916,0.00061,0.000978,0.0008550000000000001,0.0012820000000000002,0.001161,0.000733,0.000306,0.001038,0.000977,0.001099,-0.00012179999999999999,0.000184,0.002321,0.000245,-0.000366,0.000978,0.00048800000000000004,0.002443,0.001893,0.0020150000000000003,0.000427,0.00116,0.002199,0.0032979999999999997,0.001527,0.001466,0.001343,0.00116,0.002443,0.001283,0.0017100000000000001,0.003053,0.003481,0.001222,0.0017100000000000001,0.00232,0.000427,0.001221,0.0,-0.000489,0.001893,0.0017100000000000001,0.001648,0.0
16,0.0029311,0.002809,0.002993,0.003725,0.006412,0.003786,0.002504,0.002382,0.0047020000000000005,0.0062291000000000004,0.003236,0.006595,0.005313,0.00519,0.004947,0.00513,0.004946,0.0029920000000000003,0.0029311,0.0047020000000000005,0.003664,0.0014039999999999999,0.003908,0.0028699999999999997,0.002443,0.002687,0.001893,0.0022589999999999997,0.0012820000000000002,0.002076,0.002198,0.001343,0.0028699999999999997,0.002199,0.0016489999999999999,0.002748,0.002626,0.002382,0.003053,0.0032979999999999997,0.0036030000000000003,0.002809,0.0015260000000000002,0.002504,0.0028699999999999997,0.004091,0.001893,0.004641,0.001343,0.004335,0.003358,0.000489,0.001283,0.0021379999999999997,0.002626,0.003053,0.00116,0.002809,0.002382,0.003053,0.002687,0.004396,0.0025640000000000003,0.00458,0.002748,0.0045179999999999994,0.002748,0.004763,0.004885,0.003237,0.003909,0.004458,0.0028699999999999997,0.002199,0.0016489999999999999,0.002748,0.002626,0.002382,0.003053,0.0032979999999999997,0.000672,0.0022591,0.002809,0.002686,0.0036030000000000003,0.002748,0.0021371,0.0016489999999999999,0.000184,0.0014050000000000002,0.001832,0.0017100000000000001,0.001344,0.004457,0.0032979999999999997,0.0041530000000000004,0.002626,0.001527,0.0020150000000000003,0.002137,0.000305,0.002198,0.003237,0.0008550000000000001,0.0017100000000000001,0.000733,0.00012200000000000001,0.003175,0.000733,0.001465,0.000732,0.001527,0.002748,0.002748,0.003237,0.004458,0.003237,0.003725,0.003663,0.0033589999999999996,0.002198,0.004824999999999999,0.001221,0.002626,0.00036700000000000003,0.001099,0.000794,0.001099,0.0017098,0.0014039999999999999,0.002076,0.001955,0.00116,0.001954,-6.1000000000000005e-05,0.003481,0.0029310000000000004,0.001466,0.000611,0.002504,0.003054,0.003786,0.004397,0.0017100000000000001,0.004152,0.0039689999999999994,-0.00012179999999999999,0.001893,0.004458,0.001893,0.002076,0.004031,0.002137,0.004458,0.004214,0.004946,0.001465,0.002076,0.001039,0.001466,0.001588,0.002993,0.0031141,0.0043358,0.0029310000000000004,0.002443,0.002809,0.004274,0.002016,0.0021379999999999997,0.0041530000000000004,0.002504,0.003053,0.002504,0.003115,0.0012820000000000002,0.001527,0.002382,0.00232,0.0
17,0.00024430000000000003,0.000916,0.0038469999999999997,0.00024400000000000002,0.0008550000000000001,0.003115,0.003236,0.002748,0.002747,0.002504,0.001099,0.001283,0.0033589999999999996,0.000305,0.001222,0.003481,0.002199,0.00116,0.00024430000000000003,0.002747,0.001222,0.001343,0.001099,0.0008550000000000001,-6.1000000000000005e-05,-0.001893,-0.001832,-0.002016,-0.001099,-0.001588,0.000427,-0.000366,6.1000000000000005e-05,-0.002198,-0.001954,-0.0016489999999999999,-0.000183,-0.000427,0.000305,0.000306,-0.0008550000000000001,-0.000489,-6.1000000000000005e-05,-0.000305,-0.000793,-0.000672,6.1000000000000005e-05,0.000611,-0.0006719,-0.000489,-0.00012200000000000001,-0.000183,0.0005499,-0.00012200000000000001,-0.00061,-0.001099,-0.00055,6.2e-05,-0.000305,0.00012200000000000001,-0.00012200000000000001,0.000183,-0.001038,0.001832,0.0,0.000305,-0.000854,0.002076,0.00012200000000000001,-0.00048800000000000004,6.1000000000000005e-05,0.001038,6.1000000000000005e-05,-0.002198,-0.001954,-0.0016489999999999999,-0.000183,-0.000427,0.000305,0.000306,0.0008550000000000001,-0.000306,0.00012200000000000001,0.000427,-0.00012200000000000001,-6.1000000000000005e-05,0.00012200000000000001,-0.00012200000000000001,0.0008550000000000001,-0.00024400000000000002,-0.00048800000000000004,0.000489,0.000184,0.000671,0.000306,0.000123,0.000733,-0.00036610000000000006,-0.000977,-0.000611,0.0012820000000000002,0.004152,0.000305,0.0014050000000000002,-6.1000000000000005e-05,0.0,0.000183,0.000427,0.000794,0.001343,-0.000245,0.0012820000000000002,-0.000977,-0.001283,-0.000977,-0.00048800000000000004,-0.00012200000000000001,-0.000916,0.002076,0.000183,0.000305,0.000611,-0.000245,0.000549,0.000611,0.000794,0.000733,0.000794,0.000672,0.001221,0.000916,0.0008550000000000001,0.000611,0.001038,0.0008550000000000001,-0.00048800000000000004,-0.000123,0.000123,0.00048800000000000004,0.0,-0.000183,-0.0008550000000000001,-0.00061,0.001466,0.000672,0.0017100000000000001,-0.00012179999999999999,0.0,0.000916,-0.00024400000000000002,-0.001099,0.000306,-0.000489,0.0012820000000000002,0.001099,0.00048800000000000004,-0.000489,0.000427,0.001527,0.001344,0.00055,0.00036700000000000003,0.000183,-0.000549,0.0017100000000000001,0.000916,0.001222,0.000916,0.0028699999999999997,0.000794,0.000611,0.001099,-0.00055,6.1000000000000005e-05,-0.000366,-0.000428,0.001466,0.0011,0.001099,0.0
18,0.0021371,0.00232,0.005252,0.002198,0.002137,0.004947,0.001343,0.001527,0.004457,0.0041530000000000004,0.002748,0.003237,0.004824,0.003236,0.001466,0.003481,0.001893,0.002747,0.0021371,0.004457,0.002809,0.0016489999999999999,0.0020150000000000003,0.001527,-0.0008550000000000001,-0.0008550000000000001,-0.00012200000000000001,0.000366,0.001099,0.000549,0.001832,0.000672,0.002076,0.000611,0.00116,0.0017100000000000001,0.002626,0.001099,0.0029310000000000004,0.003786,0.001588,0.000366,0.0012820000000000002,0.000733,0.002321,0.003602,0.002198,0.004946,-0.00012200000000000001,-0.000733,-0.000611,-0.000183,0.0004888,0.001038,0.0016489999999999999,0.0015267999999999998,0.0001828,0.000978,0.001221,0.000794,0.001832,0.003664,0.001465,0.00458,0.001954,0.003725,0.0016489999999999999,0.004824,0.003908,0.002687,0.003237,0.004275,0.002076,0.000611,0.00116,0.0017100000000000001,0.002626,0.001099,0.0029310000000000004,0.003786,0.000794,0.0020147999999999998,0.001099,0.002076,-0.000183,0.000305,0.000672,-0.00024400000000000002,0.000489,-0.000183,0.0017102,0.001893,0.0014050000000000002,0.000977,0.00024400000000000002,0.001893,0.0017100000000000001,0.000245,0.000489,0.000183,0.000977,0.004458,0.002565,0.002993,0.0,-0.000366,0.00061,0.002504,0.00116,0.001465,0.00048800000000000004,0.001466,0.002504,0.0008550000000000001,0.0008550000000000001,0.003237,0.003054,0.002504,0.004274,0.002626,0.001587,0.0017100000000000001,0.001099,0.0012820000000000002,0.001039,0.000427,0.000977,0.002198,0.001466,0.0018310000000000002,0.002565,0.002016,0.001527,0.002076,0.001343,0.002443,0.001832,0.001222,0.00055,0.001588,0.001527,0.002199,0.003176,0.002076,0.0008550000000000001,-0.00012200000000000001,-0.00012179999999999999,0.000916,0.0017100000000000001,0.000733,0.00012200000000000001,0.001161,0.000733,0.002198,0.0016489999999999999,0.003358,0.0014039999999999999,0.00232,0.002443,0.003054,0.0016489999999999999,0.002077,0.002381,0.0034200000000000003,0.002076,0.0011,0.001466,0.003542,0.00458,0.001588,0.002687,0.0033589999999999996,0.0016489999999999999,0.0039689999999999994,0.001893,0.000366,0.001771,0.001588,0.001587,0.0
19,0.0021980999999999997,0.002381,0.005618,0.002198,0.003114,0.005008,0.003297,0.003236,0.005129,0.004275,0.0028699999999999997,0.003237,0.007084,0.003297,0.002382,0.004275,0.002137,0.0028699999999999997,0.0021980999999999997,0.005129,0.003054,0.0017100000000000001,0.002443,0.0016489999999999999,0.00012200000000000001,0.000672,0.000672,0.000671,0.000916,0.000794,0.002076,0.000549,0.002321,0.000733,0.000916,0.001832,0.002504,0.001588,0.003175,0.0038469999999999997,0.0017100000000000001,0.00061,0.000794,0.000672,0.001527,0.002748,0.001648,0.004397,-0.000428,-0.000672,-0.000672,-0.000305,0.0005499,0.0011,0.001527,0.0015879000000000002,6.1000000000000005e-05,0.0011,0.0009771,0.00116,0.0017100000000000001,0.003664,0.0014039999999999999,0.004641,0.001832,0.003786,0.001588,0.004885,0.003725,0.002504,0.003054,0.0038469999999999997,0.002321,0.000733,0.000916,0.001832,0.002504,0.001588,0.003175,0.0038469999999999997,0.000794,0.001832,0.000916,0.001771,-0.00012200000000000001,0.000305,0.0008550000000000001,-0.00048800000000000004,0.00055,-0.00012200000000000001,0.0014659,0.001832,0.001161,0.000916,0.00036700000000000003,0.0015880999999999998,0.0020150000000000003,0.000184,0.000366,0.00012200000000000001,0.0016489999999999999,0.004824,0.0028699999999999997,0.003664,0.000549,-6.1000000000000005e-05,0.000427,0.002076,0.001038,0.0014039999999999999,0.000366,0.0017100000000000001,0.002504,0.000977,0.001038,0.0032979999999999997,0.003481,0.002809,0.004641,0.0028699999999999997,0.0014652,0.00226,0.000916,0.001893,0.001222,0.000732,0.00116,0.002198,0.001527,0.0017699999999999999,0.002321,0.001832,0.0014039999999999999,0.0020150000000000003,0.0015260000000000002,0.002321,0.0017699999999999999,0.0014050000000000002,0.000916,0.002565,0.001893,0.002321,0.0028699999999999997,0.001832,0.000672,0.0,-0.00012179999999999999,0.000611,0.0021379999999999997,0.000489,0.0,0.0014050000000000002,0.000733,0.002565,0.001588,0.003175,0.001099,0.001893,0.002382,0.003725,0.0017100000000000001,0.001954,0.0022589999999999997,0.0034200000000000003,0.002137,0.001161,0.001588,0.003786,0.004336,0.0014050000000000002,0.002382,0.003114,0.001465,0.0034200000000000003,0.001161,-0.000123,0.001771,0.001771,0.001648,0.0
20,0.0026261,0.0029310000000000004,0.003909,0.004641,0.007023000000000001,0.00513,0.005984000000000001,0.005313,0.004946,0.005802000000000001,0.004213,0.006534,0.007206000000000001,0.005801,0.0055569999999999994,0.0059240000000000004,0.005496,0.004457,0.0026261,0.004946,0.004336,0.0039689999999999994,0.005496,0.0036030000000000003,-0.0017100000000000001,-0.0014039999999999999,0.000183,-0.001832,-0.003908,-0.004214,-0.0008550000000000001,-0.002137,-0.001648,-0.003297,-0.005923,-0.00458,-0.0016489999999999999,-0.004458,-0.0029920000000000003,-0.002809,-0.002321,-0.004886,-0.005679,-0.005374,-0.000427,-0.000672,-0.000977,-0.002687,-0.005618,-0.001099,-0.00513,-0.007572,-0.006228,-0.008976,-0.004152,-0.00232,-0.005985000000000001,-0.004885,-0.003481,-0.003664,-0.003114,-0.002076,-0.004092,-0.00012200000000000001,-0.0029920000000000003,-0.001893,-0.003908,0.000183,0.000183,-0.003175,-0.0014039999999999999,-0.000549,-0.001648,-0.003297,-0.005923,-0.00458,-0.0016489999999999999,-0.004458,-0.0029920000000000003,-0.002809,-0.007999000000000001,-0.004092,-0.0029310000000000004,-0.0029310000000000004,-0.003786,-0.003908,-0.006901000000000001,-0.006777999999999999,-0.005679,-0.0052510000000000005,-0.005373,-0.006167000000000001,-0.0072050000000000005,-0.002321,-0.0029920000000000003,-0.004763,-0.003053,-0.006411,-0.0039689999999999994,-0.0045190000000000004,-0.005435,-0.000366,-0.005007,-0.006411,-0.004824,-0.001465,-0.0034200000000000003,-0.001099,-0.006228,-0.004947,-0.0059240000000000004,-0.005679,-0.00519,-0.004824,-0.00519,-0.002442,-0.004152,-0.003236,0.00116,-0.00012200000000000001,-0.009282,-0.006534,-0.007573,-0.005679,-0.008976,-0.009465,-0.007511,-0.007389,-0.005984000000000001,-0.008977,-0.005923,-0.006656,-0.006839,-0.006595,-0.008,-0.0057399999999999994,-0.006962,-0.007937999999999999,-0.005923,-0.005679,-0.003236,-0.0038469999999999997,-0.0022589999999999997,-0.003481,-0.004946,-0.002137,-0.00012179999999999999,-0.004274,-0.0020150000000000003,-0.004274,-0.004091,-0.0014039999999999999,-0.0032979999999999997,-0.003236,-0.002076,-0.00116,-0.0045190000000000004,-0.002321,-0.004152,-0.005434,0.000489,-0.0014039999999999999,-0.001283,0.000672,-0.002382,-0.003053,-0.00403,0.0029310000000000004,0.0014050000000000002,-0.002809,-0.0012820000000000002,-0.002748,-0.0016489999999999999,-0.001221,-0.003664,-0.004092,-0.002137,-0.001648,0.00024400000000000002,0.0
21,0.0017101,0.0020150000000000003,0.005496,0.002076,0.0033589999999999996,0.00458,0.00458,0.0038469999999999997,0.004946,0.004397,0.002382,0.0032978,0.006046,0.0029310000000000004,0.002443,0.004764,0.002504,0.002625,0.0017101,0.004946,0.002932,0.001527,0.002565,0.0016489999999999999,0.000977,0.000672,0.000305,0.00012200000000000001,0.000427,0.000305,0.001893,0.000305,0.001893,0.00024400000000000002,6.1000000000000005e-05,0.001221,0.001954,0.0016489999999999999,0.002748,0.003237,0.0014039999999999999,0.000671,0.00048800000000000004,0.000672,0.000184,0.0012820000000000002,0.000794,0.003237,-0.0006108,-0.00012200000000000001,-0.000611,-0.000366,0.0007331,0.000916,0.0005501,0.000916,-0.000184,0.000978,0.00055,0.000977,0.001222,0.002809,0.000793,0.004152,0.001344,0.0029920000000000003,0.001039,0.004396,0.002748,0.001527,0.002016,0.002809,0.001893,0.00024400000000000002,6.1000000000000005e-05,0.001221,0.001954,0.0016489999999999999,0.002748,0.003237,0.000794,0.0014039999999999999,0.0008550000000000001,0.001221,6.1000000000000005e-05,0.000305,0.000733,-0.000366,0.000672,6.1000000000000005e-05,0.000916,0.001527,0.000916,0.0012820000000000002,0.000611,0.001222,0.001893,0.000184,0.0,0.0,0.002076,0.004824,0.002687,0.0036030000000000003,0.000977,-6.1000000000000005e-05,0.000305,0.001466,0.000916,0.0015260000000000002,0.000183,0.001832,0.001466,0.000427,0.000489,0.002443,0.002993,0.0021379999999999997,0.004396,0.002321,0.0012209,0.002626,0.00048800000000000004,0.001893,0.001283,0.000977,0.00116,0.001954,0.001221,0.001709,0.001771,0.0016489999999999999,0.001099,0.0017100000000000001,0.0014039999999999999,0.001527,0.001038,0.001161,0.000977,0.001832,0.001588,0.001527,0.001283,0.001344,0.000916,0.00055,-6.1000000000000005e-05,0.000306,0.002504,0.000306,-0.000183,0.001222,0.000611,0.002626,0.001832,0.002565,0.000671,0.0014039999999999999,0.002321,0.003664,0.0016489999999999999,0.001771,0.0017100000000000001,0.00226,0.002382,0.0014050000000000002,0.0016489999999999999,0.0034799999999999996,0.003725,0.001344,0.002016,0.0026869,0.0008550000000000001,0.002076,0.000306,-0.000428,0.001832,0.001771,0.001648,0.0
22,0.0014040999999999997,0.0020150000000000003,0.005069000000000001,0.003297,0.0016489999999999999,0.005618,0.0036030000000000003,0.0033589999999999996,0.004579,0.003909,0.0032979999999999997,0.0062900000000000005,0.004275,0.002809,0.001832,0.004641,0.00226,0.002625,0.0014040999999999997,0.004579,0.002504,0.001771,0.001832,0.001832,-0.00048800000000000004,-0.0014039999999999999,-0.0012820000000000002,-0.000672,0.000611,6.1000000000000005e-05,0.001465,0.000611,0.0017100000000000001,0.000428,0.0008550000000000001,0.001099,0.002381,0.000977,0.0016489999999999999,0.002687,0.001771,0.001038,0.001954,0.0017100000000000001,0.002199,0.0038469999999999997,0.0021369,0.004763,0.000549,0.001893,0.001099,0.00055,0.0014050000000000002,0.002016,0.002687,0.00226,0.0004881,0.001955,0.001221,0.001283,0.000978,0.001587,0.000671,0.0028699999999999997,0.0011,0.001648,0.000794,0.003053,0.001893,0.001283,0.001161,0.003481,0.0017100000000000001,0.000428,0.0008550000000000001,0.001099,0.002381,0.000977,0.0016489999999999999,0.002687,0.001527,0.002625,0.002076,0.0029310000000000004,0.000733,0.000916,0.0016489999999999999,0.000977,0.000733,0.0007942,0.001771,0.001588,0.0020150000000000003,0.0034189999999999997,0.000977,0.003664,0.0020150000000000003,0.000672,0.0008549,0.0010382000000000002,0.000611,0.0038469999999999997,0.001893,0.0016489999999999999,6.1000000000000005e-05,-0.000366,0.0008550000000000001,0.0034200000000000003,0.001771,0.001832,0.000427,0.001588,0.001588,-0.00012200000000000001,0.000611,0.001283,0.001222,0.00055,0.0025640000000000003,0.001038,0.002076,0.001893,0.001221,0.00232,0.0014050000000000002,0.001099,0.001221,0.0029922,0.001099,0.0018310000000000002,0.002504,0.002565,0.001588,0.002198,0.001648,0.001771,0.001038,0.000794,0.000794,0.001954,0.001161,0.001527,0.002565,0.002199,0.002443,0.0017100000000000001,-6.1000000000000005e-05,0.001588,0.002321,0.0014050000000000002,0.000794,0.0011,0.001343,0.0028699999999999997,0.0036030000000000003,0.003542,0.001343,0.0025640000000000003,0.002382,0.0016489999999999999,0.001832,0.0021379999999999997,0.0020150000000000003,0.003176,0.002198,0.001527,0.0014050000000000002,0.003908,0.005069000000000001,0.001832,0.003115,0.003908,0.002198,0.0034200000000000003,0.00226,0.001099,0.001771,0.001771,0.0014039999999999999,0.0
23,0.0,0.00024400000000000002,-0.0014039999999999999,-0.00055,-0.000366,-0.000794,-0.0008550000000000001,-0.001221,-0.000123,0.000245,-0.000305,-0.000183,-0.001099,-0.000306,-0.000427,-0.00012200000000000001,-6.1000000000000005e-05,-0.000245,0.0,-0.000123,-0.001221,-0.000977,-0.000489,-0.001466,-0.000916,-0.001221,-0.001343,-0.001222,-0.000672,-0.000916,-0.000794,-0.00116,-0.000366,-0.001221,-0.0008550000000000001,-0.001527,-0.000366,-0.000427,-0.000489,-0.000672,-0.001466,-0.0017102,-0.000916,-0.001588,-0.0012820000000000002,-0.0016489999999999999,-0.000489,-0.0014039999999999999,-0.001221,-0.001954,-0.000428,0.0,-0.000366,-0.000977,-0.000671,-0.001954,-0.0008550000000000001,-0.00116,-0.001343,-0.000672,-0.001038,-0.000733,-0.0011,-0.000733,-0.000977,-0.000611,-0.000977,-0.000428,-0.000611,-0.001221,-0.000732,-0.000733,-0.000366,-0.001221,-0.0008550000000000001,-0.001527,-0.000366,-0.000427,-0.000489,-0.000672,-0.000732,-0.001344,-0.000428,-0.000306,-0.000489,-0.000427,-0.000672,-0.00061,6.1000000000000005e-05,-0.00024400000000000002,-0.0008550000000000001,-0.000732,-0.001099,-0.001283,-0.000794,-0.001343,-0.000428,-0.001038,-0.001343,-0.0028699999999999997,-0.000489,-0.00048800000000000004,-0.000366,-0.000427,-0.000245,0.0,-0.000428,-0.000977,-0.001221,-0.000672,-0.000733,0.0,-0.001038,-0.000916,-0.00116,-0.000916,-0.000977,-0.001587,-0.000794,-0.000794,-0.00055,-0.00061,-0.00055,-0.000428,-0.000183,-0.000489,-0.000672,-0.000916,-0.000366,-0.001893,-0.000427,-6.1000000000000005e-05,-6.1000000000000005e-05,-0.00024400000000000002,-0.001893,-0.000733,-0.00036700000000000003,-0.000549,-0.0016489999999999999,-0.000977,-0.00024400000000000002,-0.000977,-0.00048800000000000004,-0.0014039999999999999,-0.0008550000000000001,-0.000733,-0.00012179999999999999,-0.0014039999999999999,-0.000793,-0.000977,-0.001221,-0.000671,-0.0008550000000000001,-0.000672,-0.000427,-0.001038,-0.001588,-0.001527,-0.000671,-0.000305,-0.000183,-0.000916,-0.0014050000000000002,-0.001221,-0.000672,-0.001343,-0.001099,-0.0017100000000000001,-0.00024400000000000002,-0.001343,-0.001465,-0.002443,-0.00055,-0.000305,-0.000733,-0.0014050000000000002,-0.000183,-0.0015260000000000002,-0.001771,0.0
24,0.0023201,0.0028699999999999997,0.0034810999999999996,0.004152,0.0047020000000000005,0.004397,0.001771,0.0032979999999999997,0.004213,0.0047020000000000005,0.0022589999999999997,0.0036642,0.0032979999999999997,0.004152,0.0034200000000000003,0.0036030000000000003,0.0028699999999999997,0.0045179999999999994,0.0023201,0.004213,0.003725,0.004213,0.005252,0.002076,-0.002442,-0.0022589999999999997,-0.000427,-0.002321,-0.0047020000000000005,-0.004763,-0.001161,-0.002565,-0.002687,-0.004091,-0.006777999999999999,-0.005313,-0.0033589999999999996,-0.005862000000000001,-0.00513,-0.004152,-0.002748,-0.006351,-0.0061070000000000004,-0.0070220000000000005,-0.00061,-0.000306,-0.0008550000000000001,-0.00232,-0.0069,-0.002565,-0.005252,-0.00806,-0.006839,-0.008549,-0.004396,-0.002381,-0.006656,-0.005984000000000001,-0.003725,-0.004335,-0.003724,-0.0032979999999999997,-0.00513,-0.0014050000000000002,-0.003725,-0.0032979999999999997,-0.005007,-0.001222,-0.000672,-0.003358,-0.0025640000000000003,-0.000916,-0.002687,-0.004091,-0.006777999999999999,-0.005313,-0.0033589999999999996,-0.005862000000000001,-0.00513,-0.004152,-0.008488,-0.004824,-0.003237,-0.004031,-0.004397,-0.00458,-0.007206000000000001,-0.006777999999999999,-0.005679,-0.006289,-0.005801,-0.00635,-0.007816,-0.002565,-0.003236,-0.0057399999999999994,-0.003786,-0.006411,-0.004397,-0.00519,-0.006717,-0.001588,-0.006961,-0.008121,-0.006412,-0.001343,-0.0036030000000000003,-0.001466,-0.007083000000000001,-0.007084,-0.006657,-0.006656,-0.005679,-0.005313,-0.004763,-0.0038469999999999997,-0.006228,-0.006045,-0.001771,-0.002381,-0.009527,-0.007449,-0.007817,-0.006168,-0.009465,-0.009771,-0.007816,-0.008,-0.0061070000000000004,-0.010015000000000001,-0.006351,-0.007449,-0.007755,-0.006717,-0.009221,-0.006961,-0.00745,-0.008671,-0.00745,-0.006045,-0.004396,-0.004396,-0.0038469999999999997,-0.004335,-0.005679,-0.0028699999999999997,-6.1000000000000005e-05,-0.005496,-0.003358,-0.004946,-0.004885,-0.003358,-0.0036030000000000003,-0.004275,-0.003358,-0.002382,-0.006962,-0.004885,-0.005862000000000001,-0.0072050000000000005,0.000183,-0.0015260000000000002,-0.001222,0.000489,-0.0029310000000000004,-0.0034799999999999996,-0.004885,0.001221,0.001038,-0.0035410000000000003,-0.001893,-0.002687,-0.001588,-0.001832,-0.004152,-0.004275,-0.0022589999999999997,-0.0020150000000000003,0.000305,0.0
25,0.0028091,0.003175,0.0036031999999999995,0.004396,0.006473,0.004641,0.0038469999999999997,0.0047631,0.006106,0.006595,0.003481,0.005313,0.005435,0.005007,0.004947,0.005191,0.004763,0.004763,0.0028091,0.006106,0.004092,0.004397,0.005679,0.0029920000000000003,-0.001832,-0.001588,6.1000000000000005e-05,-0.001893,-0.004214,-0.004336,-0.000794,-0.002382,-0.0020150000000000003,-0.003481,-0.006167000000000001,-0.004763,-0.002687,-0.005312,-0.004214,-0.003725,-0.002382,-0.0055569999999999994,-0.005801,-0.006106,-0.00012200000000000001,-0.000184,-0.000611,-0.001954,-0.006229,-0.001832,-0.004641,-0.0076939999999999995,-0.006534,-0.008243,-0.00403,-0.002137,-0.006168,-0.005556,-0.003297,-0.0039689999999999994,-0.003297,-0.002565,-0.0045190000000000004,-0.000672,-0.003236,-0.002504,-0.004396,-0.000489,0.0,-0.0029920000000000003,-0.0017699999999999999,-0.000427,-0.0020150000000000003,-0.003481,-0.006167000000000001,-0.004763,-0.002687,-0.005312,-0.004214,-0.003725,-0.008182,-0.004336,-0.002809,-0.0032979999999999997,-0.003786,-0.004152,-0.006901000000000001,-0.006656,-0.0055569999999999994,-0.0055569999999999994,-0.005495,-0.006106,-0.007572,-0.002199,-0.002809,-0.0050680000000000005,-0.003175,-0.006106,-0.00403,-0.004824,-0.006595,-0.000916,-0.005984000000000001,-0.006961,-0.005435,-0.000977,-0.003481,-0.001221,-0.006717,-0.006168,-0.006412,-0.005984000000000001,-0.0050680000000000005,-0.004886,-0.004213,-0.0029310000000000004,-0.005373,-0.004946,-0.000611,-0.001221,-0.009343,-0.007083000000000001,-0.007573,-0.005985000000000001,-0.009342,-0.009649,-0.0076939999999999995,-0.0076939999999999995,-0.005984000000000001,-0.009649,-0.005984000000000001,-0.007083000000000001,-0.007328,-0.006839,-0.008733,-0.006351,-0.007084,-0.008426,-0.006412,-0.005374,-0.0038469999999999997,-0.003725,-0.003053,-0.003786,-0.005129,-0.0022589999999999997,-0.00012179999999999999,-0.004641,-0.002381,-0.004396,-0.004213,-0.002381,-0.003236,-0.003481,-0.0029310000000000004,-0.001527,-0.006046,-0.003786,-0.0052510000000000005,-0.006045,0.000611,-0.0014039999999999999,-0.000916,0.000672,-0.002626,-0.003175,-0.004274,0.002137,0.001527,-0.003175,-0.0015260000000000002,-0.002626,-0.001343,-0.0012820000000000002,-0.003664,-0.004031,-0.001893,-0.0017699999999999999,0.000671,0.0
26,0.0029311,0.002809,0.003176,0.003725,0.006534,0.0038469999999999997,0.003114,0.002687,0.0045179999999999994,0.0060459,0.0033589999999999996,0.0067789999999999994,0.0057399999999999994,0.005312,0.00513,0.005252,0.005191,0.0029310000000000004,0.0029311,0.0045179999999999994,0.003664,0.0012820000000000002,0.0038469999999999997,0.0029310000000000004,0.002626,0.002687,0.001893,0.0022589999999999997,0.0012820000000000002,0.001954,0.002198,0.0012820000000000002,0.0029920000000000003,0.002199,0.001588,0.002748,0.002687,0.002504,0.003236,0.0034200000000000003,0.003481,0.002686,0.001465,0.002382,0.002932,0.0039689999999999994,0.001954,0.0047020000000000005,0.001343,0.004274,0.003236,0.000489,0.001344,0.002077,0.002565,0.0028699999999999997,0.001221,0.0028710000000000003,0.002382,0.003053,0.002565,0.004335,0.002503,0.00458,0.002687,0.004457,0.002687,0.004824,0.004763,0.003115,0.003848,0.0045190000000000004,0.0029920000000000003,0.002199,0.001588,0.002748,0.002687,0.002504,0.003236,0.0034200000000000003,0.000611,0.0021369,0.002687,0.002809,0.003358,0.002626,0.0021371,0.001588,0.000184,0.001466,0.001771,0.0016489999999999999,0.001344,0.004457,0.003176,0.004214,0.002687,0.001466,0.0020150000000000003,0.002198,0.000489,0.002321,0.0032979999999999997,0.000977,0.001954,0.000733,6.1000000000000005e-05,0.0029920000000000003,0.000794,0.0014039999999999999,0.000732,0.0016489999999999999,0.002809,0.002687,0.003115,0.004336,0.003237,0.003725,0.003786,0.003237,0.002076,0.004824999999999999,0.00116,0.002626,0.00036700000000000003,0.00116,0.0008550000000000001,0.00116,0.0017098,0.001465,0.002137,0.001893,0.001221,0.002076,6.1000000000000005e-05,0.003542,0.0029920000000000003,0.001466,0.000794,0.002321,0.0029310000000000004,0.003664,0.004275,0.001527,0.004091,0.0038469999999999997,-0.00012179999999999999,0.001832,0.004458,0.001954,0.0020150000000000003,0.004031,0.002076,0.004397,0.004214,0.004824,0.001709,0.0022589999999999997,0.001161,0.001832,0.001771,0.002993,0.0032362,0.0044579,0.003053,0.002443,0.0028699999999999997,0.004396,0.002321,0.00226,0.004275,0.002504,0.003053,0.002687,0.0029920000000000003,0.0012820000000000002,0.001588,0.002443,0.002381,0.0
